shipment_id,status,status_timestamp,updated_at
1,Delayed,2026-09-12 08:42:00,2026-09-12 08:42:00
2,Cancelled,2026-09-01 23:35:00,2026-09-01 23:35:00
3,Delivered,2026-09-13 07:32:00,2026-09-13 07:32:00
4,Delivered,2026-09-08 23:06:00,2026-09-08 23:06:00
5,Cancelled,2026-09-05 15:12:00,2026-09-05 15:12:00
6,Created,2026-09-06 05:51:00,2026-09-06 05:51:00
7,Created,2026-09-18 17:55:00,2026-09-18 17:55:00
8,In Transit,2026-09-13 11:44:00,2026-09-13 11:44:00
9,Created,2026-09-03 10:20:00,2026-09-03 10:20:00
10,In Transit,2026-09-06 13:38:00,2026-09-06 13:38:00
11,Delivered,2026-09-16 12:37:00,2026-09-16 12:37:00
12,Created,2026-09-16 20:59:00,2026-09-16 20:59:00
13,In Transit,2026-09-07 02:56:00,2026-09-07 02:56:00
14,Cancelled,2026-09-21 10:33:00,2026-09-21 10:33:00
15,Cancelled,2026-09-19 13:17:00,2026-09-19 13:17:00
16,Delivered,2026-09-04 11:40:00,2026-09-04 11:40:00
17,Created,2026-09-19 17:27:00,2026-09-19 17:27:00
18,Delivered,2026-09-17 04:02:00,2026-09-17 04:02:00
19,In Transit,2026-09-16 14:47:00,2026-09-16 14:47:00
20,Delivered,2026-09-16 02:55:00,2026-09-16 02:55:00
21,In Transit,2026-09-07 23:22:00,2026-09-07 23:22:00
22,Cancelled,2026-09-10 21:41:00,2026-09-10 21:41:00
23,Delivered,2026-09-02 09:38:00,2026-09-02 09:38:00
24,Delivered,2026-09-15 15:33:00,2026-09-15 15:33:00
25,Delivered,2026-09-19 10:42:00,2026-09-19 10:42:00
26,Delayed,2026-09-08 13:36:00,2026-09-08 13:36:00
27,Cancelled,2026-09-17 09:28:00,2026-09-17 09:28:00
28,In Transit,2026-09-05 20:43:00,2026-09-05 20:43:00
29,Cancelled,2026-09-20 03:29:00,2026-09-20 03:29:00
30,Cancelled,2026-09-07 01:14:00,2026-09-07 01:14:00
31,Delayed,2026-09-20 06:38:00,2026-09-20 06:38:00
32,Delivered,2026-09-16 21:48:00,2026-09-16 21:48:00
33,Cancelled,2026-09-09 04:21:00,2026-09-09 04:21:00
34,Delivered,2026-09-09 04:26:00,2026-09-09 04:26:00
35,Delayed,2026-09-22 04:01:00,2026-09-22 04:01:00
36,Delayed,2026-09-20 19:47:00,2026-09-20 19:47:00
37,In Transit,2026-09-14 03:10:00,2026-09-14 03:10:00
38,Delayed,2026-09-06 07:27:00,2026-09-06 07:27:00
39,Delivered,2026-09-11 17:48:00,2026-09-11 17:48:00
40,Created,2026-09-13 03:41:00,2026-09-13 03:41:00
41,Cancelled,2026-09-08 19:30:00,2026-09-08 19:30:00
42,Delivered,2026-09-07 17:06:00,2026-09-07 17:06:00
43,Cancelled,2026-09-06 22:49:00,2026-09-06 22:49:00
44,Created,2026-09-06 03:41:00,2026-09-06 03:41:00
45,Cancelled,2026-09-07 00:11:00,2026-09-07 00:11:00
46,Delivered,2026-09-13 01:53:00,2026-09-13 01:53:00
47,Delivered,2026-09-07 02:13:00,2026-09-07 02:13:00
48,Cancelled,2026-09-09 02:26:00,2026-09-09 02:26:00
49,In Transit,2026-09-05 16:14:00,2026-09-05 16:14:00
50,Delivered,2026-09-21 07:22:00,2026-09-21 07:22:00
51,Delivered,2026-09-08 05:13:00,2026-09-08 05:13:00
52,Delivered,2026-09-06 11:00:00,2026-09-06 11:00:00
53,Delayed,2026-09-21 23:30:00,2026-09-21 23:30:00
54,Created,2026-09-05 17:25:00,2026-09-05 17:25:00
55,Cancelled,2026-09-04 22:07:00,2026-09-04 22:07:00
56,Cancelled,2026-09-20 00:19:00,2026-09-20 00:19:00
57,In Transit,2026-09-06 12:11:00,2026-09-06 12:11:00
58,Delayed,2026-09-09 11:45:00,2026-09-09 11:45:00
59,In Transit,2026-09-15 19:34:00,2026-09-15 19:34:00
60,Delayed,2026-09-23 16:52:00,2026-09-23 16:52:00
61,Cancelled,2026-09-19 03:28:00,2026-09-19 03:28:00
62,Delivered,2026-09-10 09:53:00,2026-09-10 09:53:00
63,Created,2026-09-07 08:27:00,2026-09-07 08:27:00
64,Delivered,2026-09-08 04:26:00,2026-09-08 04:26:00
65,Cancelled,2026-09-07 04:55:00,2026-09-07 04:55:00
66,In Transit,2026-09-24 05:48:00,2026-09-24 05:48:00
67,In Transit,2026-09-04 15:40:00,2026-09-04 15:40:00
68,Delayed,2026-09-17 16:41:00,2026-09-17 16:41:00
69,Delayed,2026-09-10 20:35:00,2026-09-10 20:35:00
70,Delivered,2026-09-13 13:17:00,2026-09-13 13:17:00
71,Delayed,2026-09-13 22:48:00,2026-09-13 22:48:00
72,Delayed,2026-09-04 05:47:00,2026-09-04 05:47:00
73,Created,2026-09-06 00:06:00,2026-09-06 00:06:00
74,Created,2026-09-12 00:44:00,2026-09-12 00:44:00
75,In Transit,2026-09-20 15:15:00,2026-09-20 15:15:00
76,Created,2026-09-17 13:44:00,2026-09-17 13:44:00
77,Cancelled,2026-09-07 08:33:00,2026-09-07 08:33:00
78,Cancelled,2026-09-20 23:15:00,2026-09-20 23:15:00
79,Created,2026-09-17 20:43:00,2026-09-17 20:43:00
80,Created,2026-09-11 20:24:00,2026-09-11 20:24:00
81,Created,2026-09-03 03:25:00,2026-09-03 03:25:00
82,Cancelled,2026-09-22 20:14:00,2026-09-22 20:14:00
83,Created,2026-09-05 16:23:00,2026-09-05 16:23:00
84,In Transit,2026-09-15 04:32:00,2026-09-15 04:32:00
85,Delayed,2026-09-06 01:48:00,2026-09-06 01:48:00
86,Cancelled,2026-09-07 14:23:00,2026-09-07 14:23:00
87,Delayed,2026-09-12 00:14:00,2026-09-12 00:14:00
88,In Transit,2026-09-13 13:07:00,2026-09-13 13:07:00
89,Delayed,2026-09-16 06:47:00,2026-09-16 06:47:00
90,Delayed,2026-09-04 22:23:00,2026-09-04 22:23:00
91,Delayed,2026-09-20 00:22:00,2026-09-20 00:22:00
92,Created,2026-09-24 19:38:00,2026-09-24 19:38:00
93,Delivered,2026-09-10 16:13:00,2026-09-10 16:13:00
94,In Transit,2026-09-10 04:07:00,2026-09-10 04:07:00
95,Cancelled,2026-09-11 19:08:00,2026-09-11 19:08:00
96,Cancelled,2026-09-21 17:28:00,2026-09-21 17:28:00
97,Delayed,2026-09-14 08:43:00,2026-09-14 08:43:00
98,Delayed,2026-09-03 17:17:00,2026-09-03 17:17:00
99,Delayed,2026-09-07 00:41:00,2026-09-07 00:41:00
100,Delayed,2026-09-17 12:06:00,2026-09-17 12:06:00
101,Created,2026-09-06 02:53:00,2026-09-06 02:53:00
102,Delayed,2026-09-20 08:42:00,2026-09-20 08:42:00
103,In Transit,2026-09-07 18:32:00,2026-09-07 18:32:00
104,Cancelled,2026-09-13 14:48:00,2026-09-13 14:48:00
105,Delivered,2026-09-01 14:17:00,2026-09-01 14:17:00
106,Created,2026-09-06 20:40:00,2026-09-06 20:40:00
107,Cancelled,2026-09-12 16:46:00,2026-09-12 16:46:00
108,Delayed,2026-09-06 02:28:00,2026-09-06 02:28:00
109,Delivered,2026-09-04 19:27:00,2026-09-04 19:27:00
110,In Transit,2026-09-03 22:19:00,2026-09-03 22:19:00
111,Cancelled,2026-09-14 11:08:00,2026-09-14 11:08:00
112,Delivered,2026-09-14 03:29:00,2026-09-14 03:29:00
113,Delivered,2026-09-14 01:51:00,2026-09-14 01:51:00
114,Delivered,2026-09-06 08:55:00,2026-09-06 08:55:00
115,Delivered,2026-09-18 02:57:00,2026-09-18 02:57:00
116,Delayed,2026-09-21 11:11:00,2026-09-21 11:11:00
117,Delivered,2026-09-16 22:40:00,2026-09-16 22:40:00
118,Cancelled,2026-09-12 15:04:00,2026-09-12 15:04:00
119,Delivered,2026-09-17 14:41:00,2026-09-17 14:41:00
120,Created,2026-09-04 13:41:00,2026-09-04 13:41:00
121,Delayed,2026-09-13 00:58:00,2026-09-13 00:58:00
122,Delivered,2026-09-21 00:24:00,2026-09-21 00:24:00
123,Delivered,2026-09-08 02:45:00,2026-09-08 02:45:00
124,Delivered,2026-09-18 05:01:00,2026-09-18 05:01:00
125,Cancelled,2026-09-07 03:18:00,2026-09-07 03:18:00
126,Delayed,2026-09-06 18:11:00,2026-09-06 18:11:00
127,Delivered,2026-09-17 08:34:00,2026-09-17 08:34:00
128,In Transit,2026-09-19 16:26:00,2026-09-19 16:26:00
129,Delivered,2026-09-18 22:45:00,2026-09-18 22:45:00
130,Delayed,2026-09-16 02:58:00,2026-09-16 02:58:00
131,In Transit,2026-09-09 06:05:00,2026-09-09 06:05:00
132,In Transit,2026-09-02 20:58:00,2026-09-02 20:58:00
133,Cancelled,2026-09-02 00:13:00,2026-09-02 00:13:00
134,Created,2026-09-03 02:26:00,2026-09-03 02:26:00
135,In Transit,2026-09-12 12:00:00,2026-09-12 12:00:00
136,Delayed,2026-09-03 19:34:00,2026-09-03 19:34:00
137,Created,2026-09-13 22:22:00,2026-09-13 22:22:00
138,Delayed,2026-09-23 16:53:00,2026-09-23 16:53:00
139,In Transit,2026-09-05 07:12:00,2026-09-05 07:12:00
140,Delivered,2026-09-18 08:02:00,2026-09-18 08:02:00
141,Delayed,2026-09-17 07:47:00,2026-09-17 07:47:00
142,Created,2026-09-10 20:46:00,2026-09-10 20:46:00
143,In Transit,2026-09-12 07:28:00,2026-09-12 07:28:00
144,Created,2026-09-21 10:17:00,2026-09-21 10:17:00
145,Created,2026-09-01 09:54:00,2026-09-01 09:54:00
146,Delivered,2026-09-21 21:43:00,2026-09-21 21:43:00
147,Created,2026-09-24 08:15:00,2026-09-24 08:15:00
148,Delayed,2026-09-04 18:49:00,2026-09-04 18:49:00
149,Created,2026-09-16 19:57:00,2026-09-16 19:57:00
150,Delivered,2026-09-12 21:45:00,2026-09-12 21:45:00
151,Delayed,2026-09-04 01:35:00,2026-09-04 01:35:00
152,Cancelled,2026-09-20 08:49:00,2026-09-20 08:49:00
153,In Transit,2026-09-13 02:56:00,2026-09-13 02:56:00
154,Delivered,2026-09-09 09:59:00,2026-09-09 09:59:00
155,Cancelled,2026-09-10 00:40:00,2026-09-10 00:40:00
156,Cancelled,2026-09-08 07:39:00,2026-09-08 07:39:00
157,Cancelled,2026-09-22 21:49:00,2026-09-22 21:49:00
158,Delivered,2026-09-18 19:51:00,2026-09-18 19:51:00
159,Delivered,2026-09-10 04:38:00,2026-09-10 04:38:00
160,Delayed,2026-09-18 10:20:00,2026-09-18 10:20:00
161,In Transit,2026-09-13 04:55:00,2026-09-13 04:55:00
162,Delayed,2026-09-18 21:31:00,2026-09-18 21:31:00
163,Created,2026-09-08 08:22:00,2026-09-08 08:22:00
164,Delivered,2026-09-15 05:56:00,2026-09-15 05:56:00
165,Delayed,2026-09-13 09:18:00,2026-09-13 09:18:00
166,Delivered,2026-09-07 20:25:00,2026-09-07 20:25:00
167,Delivered,2026-09-02 19:02:00,2026-09-02 19:02:00
168,Delayed,2026-09-14 16:20:00,2026-09-14 16:20:00
169,Delayed,2026-09-18 14:36:00,2026-09-18 14:36:00
170,Delivered,2026-09-23 01:38:00,2026-09-23 01:38:00
171,Cancelled,2026-09-08 03:15:00,2026-09-08 03:15:00
172,Delayed,2026-09-08 13:44:00,2026-09-08 13:44:00
173,Delivered,2026-09-12 22:30:00,2026-09-12 22:30:00
174,In Transit,2026-09-10 05:35:00,2026-09-10 05:35:00
175,Created,2026-09-19 18:17:00,2026-09-19 18:17:00
176,Delivered,2026-09-12 22:18:00,2026-09-12 22:18:00
177,In Transit,2026-09-12 13:44:00,2026-09-12 13:44:00
178,Created,2026-09-09 14:14:00,2026-09-09 14:14:00
179,Delayed,2026-09-03 06:59:00,2026-09-03 06:59:00
180,Created,2026-09-12 08:41:00,2026-09-12 08:41:00
181,In Transit,2026-09-03 02:50:00,2026-09-03 02:50:00
182,In Transit,2026-09-13 04:29:00,2026-09-13 04:29:00
183,In Transit,2026-09-08 00:29:00,2026-09-08 00:29:00
184,Delayed,2026-09-07 19:54:00,2026-09-07 19:54:00
185,Created,2026-09-07 10:20:00,2026-09-07 10:20:00
186,Delivered,2026-09-11 15:46:00,2026-09-11 15:46:00
187,Created,2026-09-14 15:32:00,2026-09-14 15:32:00
188,Delayed,2026-09-16 15:29:00,2026-09-16 15:29:00
189,Created,2026-09-18 16:33:00,2026-09-18 16:33:00
190,Delivered,2026-09-22 11:09:00,2026-09-22 11:09:00
191,Cancelled,2026-09-16 17:29:00,2026-09-16 17:29:00
192,In Transit,2026-09-01 21:16:00,2026-09-01 21:16:00
193,Delayed,2026-09-20 07:59:00,2026-09-20 07:59:00
194,Delayed,2026-09-15 09:28:00,2026-09-15 09:28:00
195,Created,2026-09-16 14:08:00,2026-09-16 14:08:00
196,In Transit,2026-09-15 08:24:00,2026-09-15 08:24:00
197,In Transit,2026-09-03 04:26:00,2026-09-03 04:26:00
198,Delayed,2026-09-10 13:02:00,2026-09-10 13:02:00
199,Cancelled,2026-09-11 18:36:00,2026-09-11 18:36:00
200,Created,2026-09-10 10:19:00,2026-09-10 10:19:00
201,Delayed,2026-09-24 18:24:00,2026-09-24 18:24:00
202,Delivered,2026-09-17 01:54:00,2026-09-17 01:54:00
203,Delivered,2026-09-14 08:16:00,2026-09-14 08:16:00
204,Created,2026-09-04 03:24:00,2026-09-04 03:24:00
205,Created,2026-09-12 03:13:00,2026-09-12 03:13:00
206,Delayed,2026-09-11 09:20:00,2026-09-11 09:20:00
207,Delivered,2026-09-16 08:51:00,2026-09-16 08:51:00
208,Delivered,2026-09-06 08:16:00,2026-09-06 08:16:00
209,Delivered,2026-09-18 15:41:00,2026-09-18 15:41:00
210,In Transit,2026-09-06 11:46:00,2026-09-06 11:46:00
211,Created,2026-09-03 13:08:00,2026-09-03 13:08:00
212,Delayed,2026-09-04 07:40:00,2026-09-04 07:40:00
213,In Transit,2026-09-21 05:01:00,2026-09-21 05:01:00
214,Created,2026-09-10 16:17:00,2026-09-10 16:17:00
215,Created,2026-09-11 05:52:00,2026-09-11 05:52:00
216,Created,2026-09-21 13:44:00,2026-09-21 13:44:00
217,Cancelled,2026-09-18 13:14:00,2026-09-18 13:14:00
218,In Transit,2026-09-20 21:42:00,2026-09-20 21:42:00
219,Cancelled,2026-09-03 20:10:00,2026-09-03 20:10:00
220,Created,2026-09-20 02:22:00,2026-09-20 02:22:00
221,Delayed,2026-09-13 08:40:00,2026-09-13 08:40:00
222,Created,2026-09-07 17:37:00,2026-09-07 17:37:00
223,Delayed,2026-09-15 14:50:00,2026-09-15 14:50:00
224,Created,2026-09-18 11:48:00,2026-09-18 11:48:00
225,Created,2026-09-19 18:06:00,2026-09-19 18:06:00
226,Cancelled,2026-09-14 17:46:00,2026-09-14 17:46:00
227,In Transit,2026-09-10 01:09:00,2026-09-10 01:09:00
228,Cancelled,2026-09-12 09:15:00,2026-09-12 09:15:00
229,Delivered,2026-09-14 12:53:00,2026-09-14 12:53:00
230,Delivered,2026-09-18 13:11:00,2026-09-18 13:11:00
231,Cancelled,2026-09-13 06:59:00,2026-09-13 06:59:00
232,Delayed,2026-09-16 05:53:00,2026-09-16 05:53:00
233,Cancelled,2026-09-16 11:04:00,2026-09-16 11:04:00
234,Created,2026-09-19 01:40:00,2026-09-19 01:40:00
235,Delivered,2026-09-22 15:43:00,2026-09-22 15:43:00
236,Delayed,2026-09-19 14:44:00,2026-09-19 14:44:00
237,Delivered,2026-09-14 11:30:00,2026-09-14 11:30:00
238,Delayed,2026-09-07 22:30:00,2026-09-07 22:30:00
239,Created,2026-09-04 21:54:00,2026-09-04 21:54:00
240,In Transit,2026-09-12 19:27:00,2026-09-12 19:27:00
241,Created,2026-09-16 03:27:00,2026-09-16 03:27:00
242,Delivered,2026-09-21 18:51:00,2026-09-21 18:51:00
243,Cancelled,2026-09-18 19:20:00,2026-09-18 19:20:00
244,In Transit,2026-09-12 19:37:00,2026-09-12 19:37:00
245,Cancelled,2026-09-08 13:24:00,2026-09-08 13:24:00
246,Delayed,2026-09-21 12:35:00,2026-09-21 12:35:00
247,In Transit,2026-09-14 09:31:00,2026-09-14 09:31:00
248,In Transit,2026-09-17 03:05:00,2026-09-17 03:05:00
249,Cancelled,2026-09-17 17:47:00,2026-09-17 17:47:00
250,Cancelled,2026-09-18 06:48:00,2026-09-18 06:48:00
251,Delayed,2026-09-17 15:22:00,2026-09-17 15:22:00
252,In Transit,2026-09-08 13:08:00,2026-09-08 13:08:00
253,Cancelled,2026-09-11 21:36:00,2026-09-11 21:36:00
254,In Transit,2026-09-22 15:44:00,2026-09-22 15:44:00
255,Created,2026-09-23 13:24:00,2026-09-23 13:24:00
256,Created,2026-09-17 18:20:00,2026-09-17 18:20:00
257,Delayed,2026-09-08 06:52:00,2026-09-08 06:52:00
258,Created,2026-09-20 12:50:00,2026-09-20 12:50:00
259,In Transit,2026-09-17 02:00:00,2026-09-17 02:00:00
260,Created,2026-09-05 02:23:00,2026-09-05 02:23:00
261,Created,2026-09-17 15:05:00,2026-09-17 15:05:00
262,Created,2026-09-15 12:00:00,2026-09-15 12:00:00
263,Delivered,2026-09-04 05:20:00,2026-09-04 05:20:00
264,Delivered,2026-09-22 00:10:00,2026-09-22 00:10:00
265,Cancelled,2026-09-03 21:08:00,2026-09-03 21:08:00
266,In Transit,2026-09-11 02:41:00,2026-09-11 02:41:00
267,Created,2026-09-08 09:25:00,2026-09-08 09:25:00
268,In Transit,2026-09-19 13:23:00,2026-09-19 13:23:00
269,Created,2026-09-05 03:37:00,2026-09-05 03:37:00
270,Delayed,2026-09-18 05:40:00,2026-09-18 05:40:00
271,Cancelled,2026-09-09 11:19:00,2026-09-09 11:19:00
272,Created,2026-09-11 06:27:00,2026-09-11 06:27:00
273,Created,2026-09-12 18:47:00,2026-09-12 18:47:00
274,In Transit,2026-09-17 20:50:00,2026-09-17 20:50:00
275,Delivered,2026-09-12 11:17:00,2026-09-12 11:17:00
276,Cancelled,2026-09-12 07:16:00,2026-09-12 07:16:00
277,Delayed,2026-09-10 07:30:00,2026-09-10 07:30:00
278,Delivered,2026-09-08 17:15:00,2026-09-08 17:15:00
279,Delayed,2026-09-09 06:51:00,2026-09-09 06:51:00
280,Delivered,2026-09-17 16:23:00,2026-09-17 16:23:00
281,In Transit,2026-09-08 01:57:00,2026-09-08 01:57:00
282,Delivered,2026-09-11 19:48:00,2026-09-11 19:48:00
283,Cancelled,2026-09-11 19:02:00,2026-09-11 19:02:00
284,Created,2026-09-07 06:52:00,2026-09-07 06:52:00
285,Delivered,2026-09-12 02:44:00,2026-09-12 02:44:00
286,Delayed,2026-09-06 06:10:00,2026-09-06 06:10:00
287,Created,2026-09-17 03:29:00,2026-09-17 03:29:00
288,Delivered,2026-09-06 01:45:00,2026-09-06 01:45:00
289,Cancelled,2026-09-02 06:54:00,2026-09-02 06:54:00
290,In Transit,2026-09-05 10:03:00,2026-09-05 10:03:00
291,Delayed,2026-09-05 12:04:00,2026-09-05 12:04:00
292,Delayed,2026-09-03 09:59:00,2026-09-03 09:59:00
293,In Transit,2026-09-09 07:17:00,2026-09-09 07:17:00
294,Delayed,2026-09-18 23:05:00,2026-09-18 23:05:00
295,Delayed,2026-09-03 14:50:00,2026-09-03 14:50:00
296,Cancelled,2026-09-11 18:01:00,2026-09-11 18:01:00
297,In Transit,2026-09-17 19:49:00,2026-09-17 19:49:00
298,Delivered,2026-09-08 22:54:00,2026-09-08 22:54:00
299,Cancelled,2026-09-13 06:36:00,2026-09-13 06:36:00
300,Created,2026-09-03 09:38:00,2026-09-03 09:38:00
301,Delivered,2026-09-07 09:45:00,2026-09-07 09:45:00
302,Cancelled,2026-09-04 08:45:00,2026-09-04 08:45:00
303,In Transit,2026-09-16 21:31:00,2026-09-16 21:31:00
304,In Transit,2026-09-12 16:44:00,2026-09-12 16:44:00
305,Delayed,2026-09-22 00:40:00,2026-09-22 00:40:00
306,Delivered,2026-09-08 17:56:00,2026-09-08 17:56:00
307,Created,2026-09-11 19:46:00,2026-09-11 19:46:00
308,Created,2026-09-13 16:34:00,2026-09-13 16:34:00
309,Created,2026-09-10 10:20:00,2026-09-10 10:20:00
310,Created,2026-09-19 21:21:00,2026-09-19 21:21:00
311,Delivered,2026-09-09 21:26:00,2026-09-09 21:26:00
312,Delayed,2026-09-06 04:23:00,2026-09-06 04:23:00
313,Delayed,2026-09-08 06:18:00,2026-09-08 06:18:00
314,In Transit,2026-09-05 06:34:00,2026-09-05 06:34:00
315,Delivered,2026-09-18 12:16:00,2026-09-18 12:16:00
316,Delayed,2026-09-17 07:14:00,2026-09-17 07:14:00
317,Cancelled,2026-09-11 00:25:00,2026-09-11 00:25:00
318,Delayed,2026-09-08 16:08:00,2026-09-08 16:08:00
319,Created,2026-09-12 01:58:00,2026-09-12 01:58:00
320,Created,2026-09-21 07:33:00,2026-09-21 07:33:00
321,Delivered,2026-09-07 07:49:00,2026-09-07 07:49:00
322,In Transit,2026-09-04 00:17:00,2026-09-04 00:17:00
323,Delivered,2026-09-10 16:47:00,2026-09-10 16:47:00
324,Delayed,2026-09-04 19:08:00,2026-09-04 19:08:00
325,Delayed,2026-09-07 23:13:00,2026-09-07 23:13:00
326,In Transit,2026-09-12 00:32:00,2026-09-12 00:32:00
327,Created,2026-09-05 00:02:00,2026-09-05 00:02:00
328,Created,2026-09-16 09:59:00,2026-09-16 09:59:00
329,In Transit,2026-09-20 14:22:00,2026-09-20 14:22:00
330,In Transit,2026-09-19 08:54:00,2026-09-19 08:54:00
331,Cancelled,2026-09-17 20:41:00,2026-09-17 20:41:00
332,Delivered,2026-09-23 11:27:00,2026-09-23 11:27:00
333,Cancelled,2026-09-20 23:00:00,2026-09-20 23:00:00
334,Delivered,2026-09-12 00:20:00,2026-09-12 00:20:00
335,Delayed,2026-09-12 02:08:00,2026-09-12 02:08:00
336,Delivered,2026-09-20 20:36:00,2026-09-20 20:36:00
337,Delayed,2026-09-19 10:18:00,2026-09-19 10:18:00
338,Delayed,2026-09-12 23:47:00,2026-09-12 23:47:00
339,Delayed,2026-09-16 08:55:00,2026-09-16 08:55:00
340,Delayed,2026-09-06 04:12:00,2026-09-06 04:12:00
341,Delivered,2026-09-04 13:21:00,2026-09-04 13:21:00
342,In Transit,2026-09-21 19:31:00,2026-09-21 19:31:00
343,Delivered,2026-09-14 08:02:00,2026-09-14 08:02:00
344,Delivered,2026-09-09 04:56:00,2026-09-09 04:56:00
345,Delayed,2026-09-11 10:29:00,2026-09-11 10:29:00
346,In Transit,2026-09-07 10:01:00,2026-09-07 10:01:00
347,Delayed,2026-09-05 01:45:00,2026-09-05 01:45:00
348,Delayed,2026-09-21 20:03:00,2026-09-21 20:03:00
349,Delivered,2026-09-08 16:43:00,2026-09-08 16:43:00
350,Delivered,2026-09-15 13:32:00,2026-09-15 13:32:00
351,Delivered,2026-09-17 07:22:00,2026-09-17 07:22:00
352,Cancelled,2026-09-02 07:05:00,2026-09-02 07:05:00
353,Delayed,2026-09-05 07:41:00,2026-09-05 07:41:00
354,Delayed,2026-09-03 03:23:00,2026-09-03 03:23:00
355,Delayed,2026-09-22 05:21:00,2026-09-22 05:21:00
356,Delivered,2026-09-04 20:25:00,2026-09-04 20:25:00
357,Cancelled,2026-09-08 01:26:00,2026-09-08 01:26:00
358,Delayed,2026-09-21 10:55:00,2026-09-21 10:55:00
359,Delivered,2026-09-23 12:00:00,2026-09-23 12:00:00
360,Created,2026-09-06 03:57:00,2026-09-06 03:57:00
361,Delivered,2026-09-16 21:15:00,2026-09-16 21:15:00
362,Created,2026-09-15 17:51:00,2026-09-15 17:51:00
363,Cancelled,2026-09-06 03:26:00,2026-09-06 03:26:00
364,Delivered,2026-09-20 06:13:00,2026-09-20 06:13:00
365,Created,2026-09-14 12:28:00,2026-09-14 12:28:00
366,Created,2026-09-19 18:23:00,2026-09-19 18:23:00
367,In Transit,2026-09-07 09:59:00,2026-09-07 09:59:00
368,Delayed,2026-09-22 04:37:00,2026-09-22 04:37:00
369,Cancelled,2026-09-20 07:53:00,2026-09-20 07:53:00
370,Delivered,2026-09-20 06:26:00,2026-09-20 06:26:00
371,Cancelled,2026-09-12 12:35:00,2026-09-12 12:35:00
372,Cancelled,2026-09-15 03:08:00,2026-09-15 03:08:00
373,Created,2026-09-18 17:56:00,2026-09-18 17:56:00
374,Delivered,2026-09-07 13:48:00,2026-09-07 13:48:00
375,Cancelled,2026-09-14 16:06:00,2026-09-14 16:06:00
376,Created,2026-09-17 06:20:00,2026-09-17 06:20:00
377,Cancelled,2026-09-09 06:45:00,2026-09-09 06:45:00
378,Delayed,2026-09-07 02:47:00,2026-09-07 02:47:00
379,Delayed,2026-09-19 15:00:00,2026-09-19 15:00:00
380,Delayed,2026-09-22 19:53:00,2026-09-22 19:53:00
381,Delayed,2026-09-18 06:50:00,2026-09-18 06:50:00
382,In Transit,2026-09-13 20:23:00,2026-09-13 20:23:00
383,Created,2026-09-11 18:39:00,2026-09-11 18:39:00
384,Cancelled,2026-09-11 01:58:00,2026-09-11 01:58:00
385,In Transit,2026-09-12 20:05:00,2026-09-12 20:05:00
386,Created,2026-09-14 08:13:00,2026-09-14 08:13:00
387,Delivered,2026-09-05 06:03:00,2026-09-05 06:03:00
388,Created,2026-09-14 20:01:00,2026-09-14 20:01:00
389,Delivered,2026-09-12 20:06:00,2026-09-12 20:06:00
390,In Transit,2026-09-18 05:34:00,2026-09-18 05:34:00
391,Created,2026-09-02 04:55:00,2026-09-02 04:55:00
392,In Transit,2026-09-11 15:47:00,2026-09-11 15:47:00
393,Cancelled,2026-09-08 05:11:00,2026-09-08 05:11:00
394,In Transit,2026-09-20 16:21:00,2026-09-20 16:21:00
395,Cancelled,2026-09-13 08:28:00,2026-09-13 08:28:00
396,In Transit,2026-09-16 00:00:00,2026-09-16 00:00:00
397,Delivered,2026-09-18 02:28:00,2026-09-18 02:28:00
398,Created,2026-09-07 21:12:00,2026-09-07 21:12:00
399,Cancelled,2026-09-20 20:58:00,2026-09-20 20:58:00
400,Delayed,2026-09-08 08:32:00,2026-09-08 08:32:00
401,Cancelled,2026-09-08 05:10:00,2026-09-08 05:10:00
402,In Transit,2026-09-10 13:16:00,2026-09-10 13:16:00
403,Created,2026-09-03 00:41:00,2026-09-03 00:41:00
404,Cancelled,2026-09-15 01:24:00,2026-09-15 01:24:00
405,Delayed,2026-09-17 22:22:00,2026-09-17 22:22:00
406,In Transit,2026-09-18 12:17:00,2026-09-18 12:17:00
407,Created,2026-09-10 18:51:00,2026-09-10 18:51:00
408,Cancelled,2026-09-02 02:02:00,2026-09-02 02:02:00
409,Cancelled,2026-09-04 18:16:00,2026-09-04 18:16:00
410,Cancelled,2026-09-18 01:14:00,2026-09-18 01:14:00
411,In Transit,2026-09-18 14:37:00,2026-09-18 14:37:00
412,Cancelled,2026-09-20 18:26:00,2026-09-20 18:26:00
413,In Transit,2026-09-17 09:05:00,2026-09-17 09:05:00
414,Delayed,2026-09-18 19:14:00,2026-09-18 19:14:00
415,Delivered,2026-09-04 12:38:00,2026-09-04 12:38:00
416,In Transit,2026-09-13 12:23:00,2026-09-13 12:23:00
417,In Transit,2026-09-22 22:43:00,2026-09-22 22:43:00
418,Delayed,2026-09-10 06:36:00,2026-09-10 06:36:00
419,Delivered,2026-09-04 07:32:00,2026-09-04 07:32:00
420,Created,2026-09-03 09:30:00,2026-09-03 09:30:00
421,Cancelled,2026-09-16 07:39:00,2026-09-16 07:39:00
422,Cancelled,2026-09-11 03:02:00,2026-09-11 03:02:00
423,Delivered,2026-09-06 07:49:00,2026-09-06 07:49:00
424,Delivered,2026-09-12 09:53:00,2026-09-12 09:53:00
425,Cancelled,2026-09-07 22:32:00,2026-09-07 22:32:00
426,Delayed,2026-09-21 05:16:00,2026-09-21 05:16:00
427,Delayed,2026-09-16 23:55:00,2026-09-16 23:55:00
428,Cancelled,2026-09-10 14:26:00,2026-09-10 14:26:00
429,Delayed,2026-09-12 03:35:00,2026-09-12 03:35:00
430,In Transit,2026-09-18 21:12:00,2026-09-18 21:12:00
431,Delayed,2026-09-06 20:07:00,2026-09-06 20:07:00
432,Delayed,2026-09-17 11:55:00,2026-09-17 11:55:00
433,Delayed,2026-09-03 15:51:00,2026-09-03 15:51:00
434,Delivered,2026-09-17 02:44:00,2026-09-17 02:44:00
435,In Transit,2026-09-22 15:11:00,2026-09-22 15:11:00
436,Delivered,2026-09-08 19:44:00,2026-09-08 19:44:00
437,Cancelled,2026-09-05 19:17:00,2026-09-05 19:17:00
438,Delayed,2026-09-16 07:11:00,2026-09-16 07:11:00
439,Created,2026-09-14 22:44:00,2026-09-14 22:44:00
440,Delivered,2026-09-12 08:23:00,2026-09-12 08:23:00
441,Cancelled,2026-09-08 21:22:00,2026-09-08 21:22:00
442,Delivered,2026-09-22 10:55:00,2026-09-22 10:55:00
443,Delivered,2026-09-13 20:41:00,2026-09-13 20:41:00
444,In Transit,2026-09-16 08:11:00,2026-09-16 08:11:00
445,Cancelled,2026-09-04 14:04:00,2026-09-04 14:04:00
446,Created,2026-09-05 21:39:00,2026-09-05 21:39:00
447,Cancelled,2026-09-17 14:08:00,2026-09-17 14:08:00
448,Cancelled,2026-09-18 22:55:00,2026-09-18 22:55:00
449,Delivered,2026-09-20 01:40:00,2026-09-20 01:40:00
450,Created,2026-09-09 06:19:00,2026-09-09 06:19:00
451,Delayed,2026-09-18 20:19:00,2026-09-18 20:19:00
452,In Transit,2026-09-20 20:25:00,2026-09-20 20:25:00
453,Delivered,2026-09-22 21:33:00,2026-09-22 21:33:00
454,Delivered,2026-09-07 17:29:00,2026-09-07 17:29:00
455,Delivered,2026-09-01 07:06:00,2026-09-01 07:06:00
456,Delivered,2026-09-17 01:21:00,2026-09-17 01:21:00
457,Created,2026-09-03 17:49:00,2026-09-03 17:49:00
458,Delayed,2026-09-13 13:07:00,2026-09-13 13:07:00
459,Delayed,2026-09-18 03:13:00,2026-09-18 03:13:00
460,Delayed,2026-09-19 20:07:00,2026-09-19 20:07:00
461,Delivered,2026-09-04 09:40:00,2026-09-04 09:40:00
462,Cancelled,2026-09-03 06:50:00,2026-09-03 06:50:00
463,Created,2026-09-22 03:59:00,2026-09-22 03:59:00
464,Delayed,2026-09-19 14:48:00,2026-09-19 14:48:00
465,Cancelled,2026-09-10 22:31:00,2026-09-10 22:31:00
466,Cancelled,2026-09-13 13:29:00,2026-09-13 13:29:00
467,Created,2026-09-11 16:23:00,2026-09-11 16:23:00
468,Cancelled,2026-09-21 20:20:00,2026-09-21 20:20:00
469,Created,2026-09-11 18:41:00,2026-09-11 18:41:00
470,Created,2026-09-08 12:31:00,2026-09-08 12:31:00
471,Created,2026-09-02 19:14:00,2026-09-02 19:14:00
472,Delivered,2026-09-13 03:47:00,2026-09-13 03:47:00
473,In Transit,2026-09-09 00:06:00,2026-09-09 00:06:00
474,Created,2026-09-20 18:11:00,2026-09-20 18:11:00
475,In Transit,2026-09-08 11:25:00,2026-09-08 11:25:00
476,Delivered,2026-09-13 22:48:00,2026-09-13 22:48:00
477,Created,2026-09-13 08:28:00,2026-09-13 08:28:00
478,In Transit,2026-09-10 20:19:00,2026-09-10 20:19:00
479,In Transit,2026-09-05 10:29:00,2026-09-05 10:29:00
480,Cancelled,2026-09-10 15:36:00,2026-09-10 15:36:00
481,Cancelled,2026-09-23 04:19:00,2026-09-23 04:19:00
482,Cancelled,2026-09-15 20:55:00,2026-09-15 20:55:00
483,Cancelled,2026-09-20 21:09:00,2026-09-20 21:09:00
484,In Transit,2026-09-16 06:36:00,2026-09-16 06:36:00
485,Cancelled,2026-09-17 11:47:00,2026-09-17 11:47:00
486,Delayed,2026-09-07 23:35:00,2026-09-07 23:35:00
487,Created,2026-09-13 15:59:00,2026-09-13 15:59:00
488,Delivered,2026-09-14 01:41:00,2026-09-14 01:41:00
489,Created,2026-09-09 10:23:00,2026-09-09 10:23:00
490,Delivered,2026-09-02 14:44:00,2026-09-02 14:44:00
491,Cancelled,2026-09-10 13:33:00,2026-09-10 13:33:00
492,Delivered,2026-09-02 10:10:00,2026-09-02 10:10:00
493,Delivered,2026-09-06 06:42:00,2026-09-06 06:42:00
494,In Transit,2026-09-07 06:31:00,2026-09-07 06:31:00
495,In Transit,2026-09-11 17:31:00,2026-09-11 17:31:00
496,Delivered,2026-09-19 11:51:00,2026-09-19 11:51:00
497,Cancelled,2026-09-07 09:46:00,2026-09-07 09:46:00
498,Cancelled,2026-09-11 21:21:00,2026-09-11 21:21:00
499,Delayed,2026-09-08 06:44:00,2026-09-08 06:44:00
500,Created,2026-09-05 17:20:00,2026-09-05 17:20:00
