shipment_id,customer_id,carrier_id,origin_warehouse_id,destination_region,shipped_at,promised_delivery_at,actual_delivery_at,status,shipping_cost,updated_at
1,67,4,WH001,Southeast,2026-09-10 12:42:00,2026-09-14 12:42:00,,Delayed,71.68,2026-09-12 08:42:00
2,29,1,WH001,Northeast,2026-09-01 18:35:00,2026-09-04 18:35:00,,Cancelled,72.66,2026-09-01 23:35:00
3,28,2,WH004,Southeast,2026-09-11 02:32:00,2026-09-14 02:32:00,2026-09-15 16:32:00,Delivered,200.46,2026-09-13 07:32:00
4,53,4,WH001,Northeast,2026-09-07 03:06:00,2026-09-12 03:06:00,2026-09-13 09:06:00,Delivered,33.94,2026-09-08 23:06:00
5,58,2,WH004,Southeast,2026-09-04 07:12:00,2026-09-07 07:12:00,,Cancelled,84.07,2026-09-05 15:12:00
6,84,1,WH001,Southeast,2026-09-03 14:51:00,2026-09-05 14:51:00,,Created,58.25,2026-09-06 05:51:00
7,22,4,WH001,Southwest,2026-09-16 06:55:00,2026-09-21 06:55:00,,Created,81.0,2026-09-18 17:55:00
8,25,3,WH002,Northeast,2026-09-10 13:44:00,2026-09-15 13:44:00,,In Transit,153.21,2026-09-13 11:44:00
9,75,4,WH002,Northeast,2026-09-02 23:20:00,2026-09-04 23:20:00,,Created,240.98,2026-09-03 10:20:00
10,52,1,WH002,West,2026-09-06 02:38:00,2026-09-08 02:38:00,,In Transit,156.74,2026-09-06 13:38:00
11,86,3,WH002,Midwest,2026-09-14 21:37:00,2026-09-18 21:37:00,2026-09-18 23:37:00,Delivered,111.03,2026-09-16 12:37:00
12,59,1,WH001,West,2026-09-15 10:59:00,2026-09-17 10:59:00,,Created,69.03,2026-09-16 20:59:00
13,48,3,WH002,Southwest,2026-09-05 11:56:00,2026-09-07 11:56:00,,In Transit,211.76,2026-09-07 02:56:00
14,39,1,WH002,Midwest,2026-09-20 20:33:00,2026-09-22 20:33:00,,Cancelled,46.55,2026-09-21 10:33:00
15,27,3,WH002,Midwest,2026-09-18 04:17:00,2026-09-22 04:17:00,,Cancelled,136.24,2026-09-19 13:17:00
16,1,3,WH002,Midwest,2026-09-02 02:40:00,2026-09-07 02:40:00,2026-09-06 07:40:00,Delivered,57.16,2026-09-04 11:40:00
17,10,2,WH001,Midwest,2026-09-18 22:27:00,2026-09-20 22:27:00,,Created,153.98,2026-09-19 17:27:00
18,46,2,WH002,Northeast,2026-09-14 04:02:00,2026-09-18 04:02:00,2026-09-17 09:02:00,Delivered,101.35,2026-09-17 04:02:00
19,21,2,WH004,Northeast,2026-09-14 19:47:00,2026-09-17 19:47:00,,In Transit,61.25,2026-09-16 14:47:00
20,90,1,WH004,Northeast,2026-09-14 21:55:00,2026-09-17 21:55:00,2026-09-17 17:55:00,Delivered,217.48,2026-09-16 02:55:00
21,29,1,WH002,Southwest,2026-09-07 14:22:00,2026-09-11 14:22:00,,In Transit,95.5,2026-09-07 23:22:00
22,43,1,WH001,Midwest,2026-09-09 11:41:00,2026-09-14 11:41:00,,Cancelled,61.07,2026-09-10 21:41:00
23,56,1,WH004,West,2026-09-02 03:38:00,2026-09-07 03:38:00,2026-09-07 19:38:00,Delivered,63.72,2026-09-02 09:38:00
24,9,3,WH003,Northeast,2026-09-14 00:33:00,2026-09-17 00:33:00,2026-09-18 07:33:00,Delivered,185.54,2026-09-15 15:33:00
25,90,3,WH002,Southeast,2026-09-17 09:42:00,2026-09-22 09:42:00,2026-09-23 12:42:00,Delivered,116.7,2026-09-19 10:42:00
26,71,1,WH003,Midwest,2026-09-06 19:36:00,2026-09-10 19:36:00,,Delayed,68.34,2026-09-08 13:36:00
27,61,2,WH001,Midwest,2026-09-15 14:28:00,2026-09-18 14:28:00,,Cancelled,138.55,2026-09-17 09:28:00
28,26,2,WH001,Northeast,2026-09-03 07:43:00,2026-09-07 07:43:00,,In Transit,76.31,2026-09-05 20:43:00
29,25,4,WH004,Southwest,2026-09-20 02:29:00,2026-09-25 02:29:00,,Cancelled,76.12,2026-09-20 03:29:00
30,60,1,WH002,Northeast,2026-09-04 13:14:00,2026-09-07 13:14:00,,Cancelled,124.99,2026-09-07 01:14:00
31,79,4,WH004,Southeast,2026-09-17 17:38:00,2026-09-21 17:38:00,,Delayed,191.04,2026-09-20 06:38:00
32,63,2,WH003,Southwest,2026-09-15 08:48:00,2026-09-18 08:48:00,2026-09-20 02:48:00,Delivered,37.82,2026-09-16 21:48:00
33,11,2,WH002,Southeast,2026-09-08 08:21:00,2026-09-12 08:21:00,,Cancelled,108.1,2026-09-09 04:21:00
34,60,4,WH001,Southeast,2026-09-07 02:26:00,2026-09-12 02:26:00,2026-09-13 23:26:00,Delivered,211.56,2026-09-09 04:26:00
35,1,3,WH003,Southwest,2026-09-19 22:01:00,2026-09-24 22:01:00,,Delayed,216.29,2026-09-22 04:01:00
36,29,3,WH004,Southwest,2026-09-18 23:47:00,2026-09-21 23:47:00,,Delayed,26.68,2026-09-20 19:47:00
37,80,1,WH004,West,2026-09-13 23:10:00,2026-09-18 23:10:00,,In Transit,149.81,2026-09-14 03:10:00
38,24,1,WH003,Southwest,2026-09-03 20:27:00,2026-09-06 20:27:00,,Delayed,95.29,2026-09-06 07:27:00
39,33,1,WH004,Northeast,2026-09-11 10:48:00,2026-09-16 10:48:00,2026-09-17 15:48:00,Delivered,192.28,2026-09-11 17:48:00
40,97,1,WH002,Southeast,2026-09-12 07:41:00,2026-09-14 07:41:00,,Created,213.02,2026-09-13 03:41:00
41,28,4,WH003,Midwest,2026-09-08 04:30:00,2026-09-10 04:30:00,,Cancelled,58.59,2026-09-08 19:30:00
42,51,2,WH001,West,2026-09-06 09:06:00,2026-09-08 09:06:00,2026-09-09 09:06:00,Delivered,178.84,2026-09-07 17:06:00
43,16,1,WH003,West,2026-09-04 22:49:00,2026-09-08 22:49:00,,Cancelled,118.53,2026-09-06 22:49:00
44,54,4,WH001,Southwest,2026-09-03 16:41:00,2026-09-07 16:41:00,,Created,240.98,2026-09-06 03:41:00
45,69,4,WH004,Southwest,2026-09-05 13:11:00,2026-09-09 13:11:00,,Cancelled,209.92,2026-09-07 00:11:00
46,32,4,WH004,Midwest,2026-09-11 07:53:00,2026-09-13 07:53:00,2026-09-14 16:53:00,Delivered,26.6,2026-09-13 01:53:00
47,36,3,WH001,West,2026-09-06 15:13:00,2026-09-10 15:13:00,2026-09-11 10:13:00,Delivered,238.05,2026-09-07 02:13:00
48,98,2,WH004,Southwest,2026-09-08 23:26:00,2026-09-13 23:26:00,,Cancelled,123.08,2026-09-09 02:26:00
49,40,3,WH004,West,2026-09-03 09:14:00,2026-09-08 09:14:00,,In Transit,142.11,2026-09-05 16:14:00
50,33,2,WH001,Southeast,2026-09-18 10:22:00,2026-09-23 10:22:00,2026-09-24 01:22:00,Delivered,92.58,2026-09-21 07:22:00
51,77,3,WH001,Southeast,2026-09-06 06:13:00,2026-09-11 06:13:00,2026-09-13 01:13:00,Delivered,88.14,2026-09-08 05:13:00
52,7,3,WH002,Southwest,2026-09-06 09:00:00,2026-09-09 09:00:00,2026-09-08 14:00:00,Delivered,43.6,2026-09-06 11:00:00
53,44,2,WH001,Midwest,2026-09-19 09:30:00,2026-09-24 09:30:00,,Delayed,236.44,2026-09-21 23:30:00
54,74,1,WH002,Southeast,2026-09-04 02:25:00,2026-09-09 02:25:00,,Created,206.56,2026-09-05 17:25:00
55,77,2,WH004,Southwest,2026-09-03 07:07:00,2026-09-08 07:07:00,,Cancelled,228.96,2026-09-04 22:07:00
56,95,1,WH002,Southeast,2026-09-19 13:19:00,2026-09-21 13:19:00,,Cancelled,80.87,2026-09-20 00:19:00
57,1,4,WH004,West,2026-09-06 07:11:00,2026-09-08 07:11:00,,In Transit,128.08,2026-09-06 12:11:00
58,10,2,WH003,West,2026-09-08 09:45:00,2026-09-12 09:45:00,,Delayed,172.07,2026-09-09 11:45:00
59,35,2,WH001,Northeast,2026-09-14 03:34:00,2026-09-17 03:34:00,,In Transit,58.16,2026-09-15 19:34:00
60,16,4,WH003,Southwest,2026-09-20 23:52:00,2026-09-24 23:52:00,,Delayed,236.82,2026-09-23 16:52:00
61,6,4,WH003,West,2026-09-18 15:28:00,2026-09-20 15:28:00,,Cancelled,77.58,2026-09-19 03:28:00
62,98,2,WH004,West,2026-09-08 21:53:00,2026-09-10 21:53:00,2026-09-10 02:53:00,Delivered,169.85,2026-09-10 09:53:00
63,61,3,WH004,Midwest,2026-09-06 18:27:00,2026-09-11 18:27:00,,Created,93.84,2026-09-07 08:27:00
64,98,1,WH004,Northeast,2026-09-06 10:26:00,2026-09-11 10:26:00,2026-09-12 13:26:00,Delivered,92.34,2026-09-08 04:26:00
65,60,4,WH001,Southeast,2026-09-04 12:55:00,2026-09-06 12:55:00,,Cancelled,139.24,2026-09-07 04:55:00
66,35,2,WH003,Southwest,2026-09-21 14:48:00,2026-09-23 14:48:00,,In Transit,222.59,2026-09-24 05:48:00
67,40,1,WH004,Northeast,2026-09-04 00:40:00,2026-09-07 00:40:00,,In Transit,71.68,2026-09-04 15:40:00
68,92,3,WH003,Southwest,2026-09-15 03:41:00,2026-09-18 03:41:00,,Delayed,211.99,2026-09-17 16:41:00
69,25,2,WH001,Midwest,2026-09-08 14:35:00,2026-09-11 14:35:00,,Delayed,197.72,2026-09-10 20:35:00
70,76,4,WH002,Southwest,2026-09-11 16:17:00,2026-09-13 16:17:00,2026-09-14 06:17:00,Delivered,143.87,2026-09-13 13:17:00
71,42,2,WH002,West,2026-09-11 17:48:00,2026-09-16 17:48:00,,Delayed,108.08,2026-09-13 22:48:00
72,50,2,WH004,Northeast,2026-09-02 10:47:00,2026-09-07 10:47:00,,Delayed,49.04,2026-09-04 05:47:00
73,93,2,WH004,Southeast,2026-09-04 14:06:00,2026-09-09 14:06:00,,Created,37.21,2026-09-06 00:06:00
74,43,4,WH003,Southwest,2026-09-11 19:44:00,2026-09-16 19:44:00,,Created,220.65,2026-09-12 00:44:00
75,96,1,WH004,Northeast,2026-09-20 02:15:00,2026-09-24 02:15:00,,In Transit,194.89,2026-09-20 15:15:00
76,6,3,WH001,Midwest,2026-09-15 05:44:00,2026-09-19 05:44:00,,Created,102.45,2026-09-17 13:44:00
77,88,2,WH002,Southeast,2026-09-05 07:33:00,2026-09-10 07:33:00,,Cancelled,38.16,2026-09-07 08:33:00
78,19,2,WH004,Midwest,2026-09-20 21:15:00,2026-09-25 21:15:00,,Cancelled,125.7,2026-09-20 23:15:00
79,57,3,WH003,Southwest,2026-09-15 09:43:00,2026-09-18 09:43:00,,Created,178.77,2026-09-17 20:43:00
80,31,4,WH003,West,2026-09-10 06:24:00,2026-09-15 06:24:00,,Created,88.05,2026-09-11 20:24:00
81,73,1,WH004,Midwest,2026-09-01 21:25:00,2026-09-05 21:25:00,,Created,198.42,2026-09-03 03:25:00
82,33,2,WH001,Northeast,2026-09-20 11:14:00,2026-09-23 11:14:00,,Cancelled,91.05,2026-09-22 20:14:00
83,38,3,WH004,Southeast,2026-09-02 18:23:00,2026-09-05 18:23:00,,Created,66.18,2026-09-05 16:23:00
84,33,4,WH003,Midwest,2026-09-12 16:32:00,2026-09-16 16:32:00,,In Transit,204.97,2026-09-15 04:32:00
85,72,3,WH001,Southwest,2026-09-03 04:48:00,2026-09-06 04:48:00,,Delayed,23.2,2026-09-06 01:48:00
86,49,3,WH001,Southeast,2026-09-04 14:23:00,2026-09-08 14:23:00,,Cancelled,128.44,2026-09-07 14:23:00
87,90,3,WH004,Northeast,2026-09-11 19:14:00,2026-09-13 19:14:00,,Delayed,52.15,2026-09-12 00:14:00
88,69,2,WH004,Southwest,2026-09-10 15:07:00,2026-09-12 15:07:00,,In Transit,105.33,2026-09-13 13:07:00
89,84,1,WH004,West,2026-09-14 18:47:00,2026-09-17 18:47:00,,Delayed,113.87,2026-09-16 06:47:00
90,57,2,WH003,Northeast,2026-09-02 22:23:00,2026-09-05 22:23:00,,Delayed,245.61,2026-09-04 22:23:00
91,36,2,WH001,Southwest,2026-09-18 20:22:00,2026-09-20 20:22:00,,Delayed,41.08,2026-09-20 00:22:00
92,43,2,WH002,West,2026-09-21 20:38:00,2026-09-23 20:38:00,,Created,67.2,2026-09-24 19:38:00
93,77,1,WH003,Southeast,2026-09-07 18:13:00,2026-09-10 18:13:00,2026-09-10 12:13:00,Delivered,247.13,2026-09-10 16:13:00
94,2,3,WH002,West,2026-09-09 05:07:00,2026-09-11 05:07:00,,In Transit,94.47,2026-09-10 04:07:00
95,15,1,WH004,Southwest,2026-09-09 01:08:00,2026-09-14 01:08:00,,Cancelled,198.94,2026-09-11 19:08:00
96,6,3,WH004,Northeast,2026-09-19 03:28:00,2026-09-22 03:28:00,,Cancelled,33.99,2026-09-21 17:28:00
97,92,4,WH001,Northeast,2026-09-13 13:43:00,2026-09-15 13:43:00,,Delayed,94.09,2026-09-14 08:43:00
98,77,3,WH004,West,2026-09-03 04:17:00,2026-09-07 04:17:00,,Delayed,159.25,2026-09-03 17:17:00
99,58,2,WH004,Midwest,2026-09-04 20:41:00,2026-09-07 20:41:00,,Delayed,210.31,2026-09-07 00:41:00
100,41,3,WH003,Southeast,2026-09-14 23:06:00,2026-09-18 23:06:00,,Delayed,177.97,2026-09-17 12:06:00
101,56,1,WH003,Southeast,2026-09-03 02:53:00,2026-09-05 02:53:00,,Created,147.97,2026-09-06 02:53:00
102,46,4,WH001,Midwest,2026-09-18 10:42:00,2026-09-20 10:42:00,,Delayed,158.09,2026-09-20 08:42:00
103,85,4,WH002,Northeast,2026-09-04 18:32:00,2026-09-07 18:32:00,,In Transit,100.53,2026-09-07 18:32:00
104,29,4,WH001,West,2026-09-12 03:48:00,2026-09-16 03:48:00,,Cancelled,233.69,2026-09-13 14:48:00
105,1,2,WH002,West,2026-09-01 05:17:00,2026-09-05 05:17:00,2026-09-06 01:17:00,Delivered,171.19,2026-09-01 14:17:00
106,96,2,WH004,Southwest,2026-09-05 23:40:00,2026-09-07 23:40:00,,Created,124.34,2026-09-06 20:40:00
107,77,1,WH001,Southeast,2026-09-12 09:46:00,2026-09-16 09:46:00,,Cancelled,56.2,2026-09-12 16:46:00
108,78,4,WH004,Midwest,2026-09-03 08:28:00,2026-09-08 08:28:00,,Delayed,69.58,2026-09-06 02:28:00
109,68,3,WH001,Southeast,2026-09-04 11:27:00,2026-09-06 11:27:00,2026-09-08 01:27:00,Delivered,110.91,2026-09-04 19:27:00
110,98,3,WH003,Midwest,2026-09-01 06:19:00,2026-09-04 06:19:00,,In Transit,47.6,2026-09-03 22:19:00
111,91,2,WH003,Northeast,2026-09-14 05:08:00,2026-09-19 05:08:00,,Cancelled,111.33,2026-09-14 11:08:00
112,74,4,WH004,Midwest,2026-09-14 00:29:00,2026-09-16 00:29:00,2026-09-17 06:29:00,Delivered,46.49,2026-09-14 03:29:00
113,56,1,WH002,Southwest,2026-09-11 05:51:00,2026-09-16 05:51:00,2026-09-15 16:51:00,Delivered,155.44,2026-09-14 01:51:00
114,43,2,WH001,West,2026-09-03 12:55:00,2026-09-07 12:55:00,2026-09-07 16:55:00,Delivered,165.64,2026-09-06 08:55:00
115,31,1,WH002,Midwest,2026-09-17 06:57:00,2026-09-21 06:57:00,2026-09-21 00:57:00,Delivered,65.37,2026-09-18 02:57:00
116,97,4,WH003,Midwest,2026-09-21 02:11:00,2026-09-26 02:11:00,,Delayed,54.72,2026-09-21 11:11:00
117,46,1,WH003,Southwest,2026-09-16 14:40:00,2026-09-20 14:40:00,2026-09-19 21:40:00,Delivered,123.94,2026-09-16 22:40:00
118,77,4,WH004,West,2026-09-12 09:04:00,2026-09-14 09:04:00,,Cancelled,147.49,2026-09-12 15:04:00
119,65,2,WH001,Southwest,2026-09-15 18:41:00,2026-09-18 18:41:00,2026-09-20 06:41:00,Delivered,43.81,2026-09-17 14:41:00
120,32,4,WH004,West,2026-09-03 16:41:00,2026-09-06 16:41:00,,Created,140.23,2026-09-04 13:41:00
121,53,3,WH001,Midwest,2026-09-12 11:58:00,2026-09-16 11:58:00,,Delayed,35.16,2026-09-13 00:58:00
122,43,1,WH002,Midwest,2026-09-18 21:24:00,2026-09-22 21:24:00,2026-09-22 16:24:00,Delivered,91.35,2026-09-21 00:24:00
123,49,3,WH002,West,2026-09-05 19:45:00,2026-09-07 19:45:00,2026-09-09 18:45:00,Delivered,41.49,2026-09-08 02:45:00
124,28,3,WH004,Southeast,2026-09-17 11:01:00,2026-09-21 11:01:00,2026-09-21 10:01:00,Delivered,72.1,2026-09-18 05:01:00
125,99,1,WH003,West,2026-09-05 02:18:00,2026-09-07 02:18:00,,Cancelled,50.14,2026-09-07 03:18:00
126,6,4,WH003,Southeast,2026-09-05 05:11:00,2026-09-08 05:11:00,,Delayed,243.01,2026-09-06 18:11:00
127,25,3,WH004,Southwest,2026-09-15 07:34:00,2026-09-18 07:34:00,2026-09-19 19:34:00,Delivered,196.97,2026-09-17 08:34:00
128,78,2,WH003,Northeast,2026-09-17 16:26:00,2026-09-20 16:26:00,,In Transit,167.47,2026-09-19 16:26:00
129,98,2,WH003,Southwest,2026-09-18 03:45:00,2026-09-20 03:45:00,2026-09-19 13:45:00,Delivered,228.22,2026-09-18 22:45:00
130,45,1,WH004,Northeast,2026-09-14 02:58:00,2026-09-17 02:58:00,,Delayed,111.18,2026-09-16 02:58:00
131,4,3,WH001,Midwest,2026-09-08 12:05:00,2026-09-12 12:05:00,,In Transit,202.02,2026-09-09 06:05:00
132,98,4,WH004,West,2026-09-02 09:58:00,2026-09-07 09:58:00,,In Transit,21.21,2026-09-02 20:58:00
133,94,4,WH001,Midwest,2026-09-01 08:13:00,2026-09-04 08:13:00,,Cancelled,74.66,2026-09-02 00:13:00
134,15,4,WH001,West,2026-09-02 07:26:00,2026-09-07 07:26:00,,Created,152.26,2026-09-03 02:26:00
135,74,4,WH002,Northeast,2026-09-10 13:00:00,2026-09-14 13:00:00,,In Transit,140.4,2026-09-12 12:00:00
136,61,1,WH004,Midwest,2026-09-03 16:34:00,2026-09-05 16:34:00,,Delayed,78.34,2026-09-03 19:34:00
137,99,3,WH002,Northeast,2026-09-12 02:22:00,2026-09-15 02:22:00,,Created,101.03,2026-09-13 22:22:00
138,81,2,WH002,Northeast,2026-09-21 05:53:00,2026-09-26 05:53:00,,Delayed,184.69,2026-09-23 16:53:00
139,6,3,WH003,West,2026-09-02 09:12:00,2026-09-04 09:12:00,,In Transit,111.59,2026-09-05 07:12:00
140,100,1,WH003,Midwest,2026-09-16 08:02:00,2026-09-19 08:02:00,2026-09-20 05:02:00,Delivered,48.63,2026-09-18 08:02:00
141,44,2,WH004,Southwest,2026-09-14 12:47:00,2026-09-19 12:47:00,,Delayed,104.49,2026-09-17 07:47:00
142,56,2,WH003,Midwest,2026-09-09 02:46:00,2026-09-14 02:46:00,,Created,43.6,2026-09-10 20:46:00
143,89,4,WH003,Southwest,2026-09-10 09:28:00,2026-09-15 09:28:00,,In Transit,29.74,2026-09-12 07:28:00
144,86,4,WH003,West,2026-09-20 13:17:00,2026-09-22 13:17:00,,Created,204.25,2026-09-21 10:17:00
145,17,1,WH002,Midwest,2026-09-01 04:54:00,2026-09-06 04:54:00,,Created,103.29,2026-09-01 09:54:00
146,57,1,WH002,West,2026-09-20 04:43:00,2026-09-25 04:43:00,2026-09-26 03:43:00,Delivered,104.4,2026-09-21 21:43:00
147,95,2,WH004,West,2026-09-21 08:15:00,2026-09-23 08:15:00,,Created,109.01,2026-09-24 08:15:00
148,28,3,WH004,Southeast,2026-09-04 08:49:00,2026-09-08 08:49:00,,Delayed,48.21,2026-09-04 18:49:00
149,88,3,WH003,Northeast,2026-09-15 05:57:00,2026-09-20 05:57:00,,Created,146.5,2026-09-16 19:57:00
150,29,1,WH002,Southeast,2026-09-10 05:45:00,2026-09-13 05:45:00,2026-09-14 22:45:00,Delivered,74.45,2026-09-12 21:45:00
151,71,2,WH001,Northeast,2026-09-01 11:35:00,2026-09-05 11:35:00,,Delayed,91.14,2026-09-04 01:35:00
152,10,2,WH003,Northeast,2026-09-17 13:49:00,2026-09-22 13:49:00,,Cancelled,123.49,2026-09-20 08:49:00
153,56,1,WH001,West,2026-09-12 04:56:00,2026-09-15 04:56:00,,In Transit,55.19,2026-09-13 02:56:00
154,37,1,WH003,Southeast,2026-09-06 10:59:00,2026-09-09 10:59:00,2026-09-11 04:59:00,Delivered,166.06,2026-09-09 09:59:00
155,69,1,WH002,West,2026-09-09 04:40:00,2026-09-13 04:40:00,,Cancelled,236.57,2026-09-10 00:40:00
156,6,1,WH001,Northeast,2026-09-06 21:39:00,2026-09-10 21:39:00,,Cancelled,238.17,2026-09-08 07:39:00
157,82,1,WH004,West,2026-09-21 06:49:00,2026-09-26 06:49:00,,Cancelled,86.62,2026-09-22 21:49:00
158,10,1,WH002,Southwest,2026-09-16 07:51:00,2026-09-21 07:51:00,2026-09-22 17:51:00,Delivered,115.59,2026-09-18 19:51:00
159,94,3,WH004,Southeast,2026-09-07 10:38:00,2026-09-10 10:38:00,2026-09-11 02:38:00,Delivered,194.95,2026-09-10 04:38:00
160,16,3,WH004,Southeast,2026-09-18 03:20:00,2026-09-21 03:20:00,,Delayed,52.4,2026-09-18 10:20:00
161,21,3,WH003,Southeast,2026-09-10 12:55:00,2026-09-15 12:55:00,,In Transit,195.52,2026-09-13 04:55:00
162,3,1,WH004,West,2026-09-17 14:31:00,2026-09-21 14:31:00,,Delayed,125.16,2026-09-18 21:31:00
163,37,4,WH004,Midwest,2026-09-07 18:22:00,2026-09-09 18:22:00,,Created,143.44,2026-09-08 08:22:00
164,47,1,WH004,Northeast,2026-09-14 04:56:00,2026-09-18 04:56:00,2026-09-19 07:56:00,Delivered,151.16,2026-09-15 05:56:00
165,65,4,WH003,West,2026-09-12 17:18:00,2026-09-14 17:18:00,,Delayed,176.49,2026-09-13 09:18:00
166,47,2,WH002,West,2026-09-05 03:25:00,2026-09-09 03:25:00,2026-09-11 02:25:00,Delivered,137.1,2026-09-07 20:25:00
167,67,4,WH002,West,2026-09-02 01:02:00,2026-09-05 01:02:00,2026-09-06 13:02:00,Delivered,225.42,2026-09-02 19:02:00
168,79,3,WH003,West,2026-09-11 19:20:00,2026-09-14 19:20:00,,Delayed,210.51,2026-09-14 16:20:00
169,3,3,WH003,Northeast,2026-09-16 22:36:00,2026-09-20 22:36:00,,Delayed,245.38,2026-09-18 14:36:00
170,93,1,WH004,Southeast,2026-09-21 00:38:00,2026-09-26 00:38:00,2026-09-26 05:38:00,Delivered,140.57,2026-09-23 01:38:00
171,90,1,WH002,Northeast,2026-09-05 21:15:00,2026-09-07 21:15:00,,Cancelled,121.44,2026-09-08 03:15:00
172,65,4,WH001,Southeast,2026-09-05 13:44:00,2026-09-08 13:44:00,,Delayed,139.3,2026-09-08 13:44:00
173,59,3,WH003,Midwest,2026-09-11 21:30:00,2026-09-16 21:30:00,2026-09-16 19:30:00,Delivered,160.32,2026-09-12 22:30:00
174,39,3,WH002,Southwest,2026-09-08 08:35:00,2026-09-12 08:35:00,,In Transit,92.92,2026-09-10 05:35:00
175,74,4,WH004,Midwest,2026-09-18 23:17:00,2026-09-22 23:17:00,,Created,239.56,2026-09-19 18:17:00
176,84,3,WH004,Southeast,2026-09-10 01:18:00,2026-09-12 01:18:00,2026-09-13 09:18:00,Delivered,66.48,2026-09-12 22:18:00
177,14,2,WH002,Northeast,2026-09-09 17:44:00,2026-09-13 17:44:00,,In Transit,174.06,2026-09-12 13:44:00
178,53,3,WH004,Northeast,2026-09-08 20:14:00,2026-09-10 20:14:00,,Created,176.67,2026-09-09 14:14:00
179,84,4,WH004,Southeast,2026-09-01 17:59:00,2026-09-04 17:59:00,,Delayed,193.86,2026-09-03 06:59:00
180,84,2,WH001,Southeast,2026-09-11 09:41:00,2026-09-13 09:41:00,,Created,116.11,2026-09-12 08:41:00
181,96,3,WH001,Northeast,2026-09-02 12:50:00,2026-09-07 12:50:00,,In Transit,88.63,2026-09-03 02:50:00
182,65,4,WH003,Southeast,2026-09-11 09:29:00,2026-09-16 09:29:00,,In Transit,206.03,2026-09-13 04:29:00
183,2,3,WH003,West,2026-09-06 23:29:00,2026-09-10 23:29:00,,In Transit,175.11,2026-09-08 00:29:00
184,66,3,WH001,Southwest,2026-09-06 19:54:00,2026-09-11 19:54:00,,Delayed,173.93,2026-09-07 19:54:00
185,34,4,WH002,Southwest,2026-09-05 15:20:00,2026-09-08 15:20:00,,Created,193.36,2026-09-07 10:20:00
186,89,2,WH001,Northeast,2026-09-10 18:46:00,2026-09-12 18:46:00,2026-09-13 16:46:00,Delivered,127.04,2026-09-11 15:46:00
187,82,3,WH003,West,2026-09-13 21:32:00,2026-09-17 21:32:00,,Created,70.8,2026-09-14 15:32:00
188,90,4,WH002,Southeast,2026-09-16 04:29:00,2026-09-20 04:29:00,,Delayed,176.48,2026-09-16 15:29:00
189,73,1,WH001,West,2026-09-17 14:33:00,2026-09-21 14:33:00,,Created,227.66,2026-09-18 16:33:00
190,57,1,WH002,West,2026-09-19 17:09:00,2026-09-22 17:09:00,2026-09-24 11:09:00,Delivered,132.43,2026-09-22 11:09:00
191,54,4,WH001,West,2026-09-15 01:29:00,2026-09-18 01:29:00,,Cancelled,126.35,2026-09-16 17:29:00
192,75,1,WH001,Southwest,2026-09-01 12:16:00,2026-09-03 12:16:00,,In Transit,99.24,2026-09-01 21:16:00
193,5,3,WH004,Southeast,2026-09-18 01:59:00,2026-09-20 01:59:00,,Delayed,196.86,2026-09-20 07:59:00
194,11,2,WH003,Northeast,2026-09-12 12:28:00,2026-09-17 12:28:00,,Delayed,61.05,2026-09-15 09:28:00
195,97,1,WH003,Southwest,2026-09-13 16:08:00,2026-09-16 16:08:00,,Created,174.9,2026-09-16 14:08:00
196,59,3,WH002,Midwest,2026-09-14 17:24:00,2026-09-17 17:24:00,,In Transit,63.35,2026-09-15 08:24:00
197,27,1,WH001,West,2026-09-02 21:26:00,2026-09-04 21:26:00,,In Transit,27.72,2026-09-03 04:26:00
198,30,2,WH001,Southeast,2026-09-08 23:02:00,2026-09-13 23:02:00,,Delayed,135.9,2026-09-10 13:02:00
199,77,3,WH002,Midwest,2026-09-08 23:36:00,2026-09-12 23:36:00,,Cancelled,221.54,2026-09-11 18:36:00
200,72,2,WH004,West,2026-09-08 13:19:00,2026-09-12 13:19:00,,Created,133.99,2026-09-10 10:19:00
201,53,2,WH003,Southwest,2026-09-21 21:24:00,2026-09-25 21:24:00,,Delayed,62.29,2026-09-24 18:24:00
202,60,1,WH004,Southwest,2026-09-16 07:54:00,2026-09-19 07:54:00,2026-09-19 01:54:00,Delivered,148.18,2026-09-17 01:54:00
203,58,3,WH001,West,2026-09-13 07:16:00,2026-09-16 07:16:00,2026-09-15 17:16:00,Delivered,186.65,2026-09-14 08:16:00
204,25,2,WH004,Southeast,2026-09-02 08:24:00,2026-09-04 08:24:00,,Created,219.98,2026-09-04 03:24:00
205,96,4,WH002,West,2026-09-10 00:13:00,2026-09-13 00:13:00,,Created,181.87,2026-09-12 03:13:00
206,60,3,WH003,Midwest,2026-09-08 17:20:00,2026-09-12 17:20:00,,Delayed,102.72,2026-09-11 09:20:00
207,48,3,WH004,Northeast,2026-09-15 03:51:00,2026-09-20 03:51:00,2026-09-20 05:51:00,Delivered,149.38,2026-09-16 08:51:00
208,26,3,WH002,Southwest,2026-09-05 00:16:00,2026-09-10 00:16:00,2026-09-09 19:16:00,Delivered,151.05,2026-09-06 08:16:00
209,93,4,WH004,Southeast,2026-09-16 17:41:00,2026-09-20 17:41:00,2026-09-22 07:41:00,Delivered,188.54,2026-09-18 15:41:00
210,70,1,WH001,Northeast,2026-09-06 04:46:00,2026-09-11 04:46:00,,In Transit,237.39,2026-09-06 11:46:00
211,91,2,WH001,Southeast,2026-09-01 13:08:00,2026-09-04 13:08:00,,Created,136.32,2026-09-03 13:08:00
212,3,1,WH004,Northeast,2026-09-02 19:40:00,2026-09-07 19:40:00,,Delayed,23.85,2026-09-04 07:40:00
213,14,1,WH002,Southeast,2026-09-18 09:01:00,2026-09-23 09:01:00,,In Transit,64.14,2026-09-21 05:01:00
214,48,4,WH004,West,2026-09-09 11:17:00,2026-09-14 11:17:00,,Created,75.94,2026-09-10 16:17:00
215,12,4,WH004,Southwest,2026-09-10 21:52:00,2026-09-12 21:52:00,,Created,147.12,2026-09-11 05:52:00
216,64,4,WH003,West,2026-09-21 00:44:00,2026-09-24 00:44:00,,Created,244.79,2026-09-21 13:44:00
217,61,3,WH001,Northeast,2026-09-17 01:14:00,2026-09-20 01:14:00,,Cancelled,177.42,2026-09-18 13:14:00
218,41,1,WH002,West,2026-09-18 18:42:00,2026-09-20 18:42:00,,In Transit,53.16,2026-09-20 21:42:00
219,50,3,WH004,Southeast,2026-09-03 09:10:00,2026-09-06 09:10:00,,Cancelled,201.81,2026-09-03 20:10:00
220,56,2,WH001,Midwest,2026-09-17 23:22:00,2026-09-19 23:22:00,,Created,159.19,2026-09-20 02:22:00
221,63,2,WH003,West,2026-09-11 00:40:00,2026-09-15 00:40:00,,Delayed,236.46,2026-09-13 08:40:00
222,99,3,WH002,Northeast,2026-09-06 21:37:00,2026-09-11 21:37:00,,Created,38.87,2026-09-07 17:37:00
223,41,3,WH001,Northeast,2026-09-13 22:50:00,2026-09-16 22:50:00,,Delayed,21.19,2026-09-15 14:50:00
224,17,1,WH002,Southwest,2026-09-15 11:48:00,2026-09-19 11:48:00,,Created,123.23,2026-09-18 11:48:00
225,46,1,WH003,Southwest,2026-09-17 13:06:00,2026-09-19 13:06:00,,Created,22.84,2026-09-19 18:06:00
226,67,2,WH004,Southeast,2026-09-13 02:46:00,2026-09-16 02:46:00,,Cancelled,51.93,2026-09-14 17:46:00
227,56,3,WH004,Midwest,2026-09-09 15:09:00,2026-09-11 15:09:00,,In Transit,131.37,2026-09-10 01:09:00
228,79,2,WH004,Northeast,2026-09-12 08:15:00,2026-09-17 08:15:00,,Cancelled,51.16,2026-09-12 09:15:00
229,43,4,WH002,Midwest,2026-09-13 10:53:00,2026-09-18 10:53:00,2026-09-19 18:53:00,Delivered,93.75,2026-09-14 12:53:00
230,95,4,WH002,Midwest,2026-09-16 10:11:00,2026-09-21 10:11:00,2026-09-21 23:11:00,Delivered,106.49,2026-09-18 13:11:00
231,70,2,WH001,Southwest,2026-09-12 03:59:00,2026-09-15 03:59:00,,Cancelled,236.88,2026-09-13 06:59:00
232,87,4,WH002,Midwest,2026-09-15 09:53:00,2026-09-17 09:53:00,,Delayed,75.66,2026-09-16 05:53:00
233,62,4,WH004,West,2026-09-14 12:04:00,2026-09-19 12:04:00,,Cancelled,28.46,2026-09-16 11:04:00
234,99,2,WH003,Southeast,2026-09-18 19:40:00,2026-09-20 19:40:00,,Created,168.81,2026-09-19 01:40:00
235,14,1,WH001,Midwest,2026-09-19 20:43:00,2026-09-24 20:43:00,2026-09-26 03:43:00,Delivered,71.06,2026-09-22 15:43:00
236,48,4,WH004,West,2026-09-18 18:44:00,2026-09-21 18:44:00,,Delayed,178.8,2026-09-19 14:44:00
237,11,1,WH002,Midwest,2026-09-12 00:30:00,2026-09-14 00:30:00,2026-09-15 05:30:00,Delivered,91.73,2026-09-14 11:30:00
238,13,4,WH004,Midwest,2026-09-07 16:30:00,2026-09-11 16:30:00,,Delayed,35.45,2026-09-07 22:30:00
239,87,2,WH002,West,2026-09-04 00:54:00,2026-09-08 00:54:00,,Created,60.12,2026-09-04 21:54:00
240,52,2,WH002,Southwest,2026-09-11 17:27:00,2026-09-16 17:27:00,,In Transit,110.98,2026-09-12 19:27:00
241,91,2,WH002,Midwest,2026-09-15 18:27:00,2026-09-20 18:27:00,,Created,193.03,2026-09-16 03:27:00
242,26,4,WH001,Midwest,2026-09-19 03:51:00,2026-09-22 03:51:00,2026-09-22 20:51:00,Delivered,174.26,2026-09-21 18:51:00
243,51,1,WH003,Midwest,2026-09-17 20:20:00,2026-09-22 20:20:00,,Cancelled,214.47,2026-09-18 19:20:00
244,41,1,WH002,Midwest,2026-09-10 19:37:00,2026-09-12 19:37:00,,In Transit,46.9,2026-09-12 19:37:00
245,18,4,WH004,Southeast,2026-09-05 16:24:00,2026-09-10 16:24:00,,Cancelled,131.93,2026-09-08 13:24:00
246,37,2,WH002,Midwest,2026-09-21 05:35:00,2026-09-24 05:35:00,,Delayed,213.66,2026-09-21 12:35:00
247,50,4,WH004,Southwest,2026-09-12 00:31:00,2026-09-15 00:31:00,,In Transit,115.6,2026-09-14 09:31:00
248,38,1,WH003,Southeast,2026-09-16 05:05:00,2026-09-18 05:05:00,,In Transit,143.65,2026-09-17 03:05:00
249,66,1,WH001,Midwest,2026-09-15 18:47:00,2026-09-20 18:47:00,,Cancelled,198.28,2026-09-17 17:47:00
250,28,4,WH001,Southeast,2026-09-18 01:48:00,2026-09-23 01:48:00,,Cancelled,88.47,2026-09-18 06:48:00
251,16,2,WH002,West,2026-09-15 08:22:00,2026-09-17 08:22:00,,Delayed,178.5,2026-09-17 15:22:00
252,8,3,WH003,West,2026-09-06 19:08:00,2026-09-09 19:08:00,,In Transit,143.92,2026-09-08 13:08:00
253,87,1,WH002,Southwest,2026-09-10 09:36:00,2026-09-14 09:36:00,,Cancelled,231.32,2026-09-11 21:36:00
254,19,3,WH002,Southwest,2026-09-21 04:44:00,2026-09-24 04:44:00,,In Transit,132.58,2026-09-22 15:44:00
255,82,1,WH004,West,2026-09-21 13:24:00,2026-09-26 13:24:00,,Created,192.45,2026-09-23 13:24:00
256,94,4,WH003,Northeast,2026-09-15 15:20:00,2026-09-17 15:20:00,,Created,203.01,2026-09-17 18:20:00
257,35,3,WH003,Midwest,2026-09-07 13:52:00,2026-09-10 13:52:00,,Delayed,145.88,2026-09-08 06:52:00
258,6,1,WH004,Northeast,2026-09-19 15:50:00,2026-09-23 15:50:00,,Created,48.57,2026-09-20 12:50:00
259,89,2,WH003,Southeast,2026-09-15 14:00:00,2026-09-20 14:00:00,,In Transit,221.12,2026-09-17 02:00:00
260,48,2,WH001,Southwest,2026-09-03 20:23:00,2026-09-07 20:23:00,,Created,163.89,2026-09-05 02:23:00
261,28,4,WH001,Southeast,2026-09-14 20:05:00,2026-09-16 20:05:00,,Created,156.55,2026-09-17 15:05:00
262,55,2,WH004,Northeast,2026-09-15 00:00:00,2026-09-19 00:00:00,,Created,72.66,2026-09-15 12:00:00
263,49,2,WH002,Northeast,2026-09-04 03:20:00,2026-09-08 03:20:00,2026-09-07 20:20:00,Delivered,142.02,2026-09-04 05:20:00
264,81,2,WH004,West,2026-09-20 20:10:00,2026-09-25 20:10:00,2026-09-25 23:10:00,Delivered,177.91,2026-09-22 00:10:00
265,94,4,WH003,Southwest,2026-09-03 03:08:00,2026-09-05 03:08:00,,Cancelled,92.34,2026-09-03 21:08:00
266,71,3,WH001,Midwest,2026-09-08 08:41:00,2026-09-10 08:41:00,,In Transit,67.25,2026-09-11 02:41:00
267,31,4,WH004,Northeast,2026-09-07 23:25:00,2026-09-11 23:25:00,,Created,75.45,2026-09-08 09:25:00
268,50,4,WH003,West,2026-09-17 00:23:00,2026-09-21 00:23:00,,In Transit,177.08,2026-09-19 13:23:00
269,34,2,WH001,Northeast,2026-09-03 00:37:00,2026-09-05 00:37:00,,Created,238.2,2026-09-05 03:37:00
270,90,4,WH001,West,2026-09-17 09:40:00,2026-09-22 09:40:00,,Delayed,143.66,2026-09-18 05:40:00
271,27,2,WH003,Southwest,2026-09-09 02:19:00,2026-09-11 02:19:00,,Cancelled,154.88,2026-09-09 11:19:00
272,32,1,WH004,Northeast,2026-09-10 22:27:00,2026-09-13 22:27:00,,Created,124.28,2026-09-11 06:27:00
273,2,2,WH001,Southeast,2026-09-10 21:47:00,2026-09-13 21:47:00,,Created,134.17,2026-09-12 18:47:00
274,48,2,WH003,Northeast,2026-09-17 16:50:00,2026-09-21 16:50:00,,In Transit,197.43,2026-09-17 20:50:00
275,64,4,WH003,Northeast,2026-09-11 13:17:00,2026-09-13 13:17:00,2026-09-12 22:17:00,Delivered,134.91,2026-09-12 11:17:00
276,87,1,WH002,West,2026-09-12 05:16:00,2026-09-14 05:16:00,,Cancelled,20.59,2026-09-12 07:16:00
277,20,2,WH001,West,2026-09-08 01:30:00,2026-09-12 01:30:00,,Delayed,204.72,2026-09-10 07:30:00
278,10,3,WH001,West,2026-09-08 10:15:00,2026-09-13 10:15:00,2026-09-13 20:15:00,Delivered,174.86,2026-09-08 17:15:00
279,9,4,WH003,Midwest,2026-09-06 07:51:00,2026-09-08 07:51:00,,Delayed,95.28,2026-09-09 06:51:00
280,39,2,WH004,Midwest,2026-09-15 00:23:00,2026-09-18 00:23:00,2026-09-20 00:23:00,Delivered,156.09,2026-09-17 16:23:00
281,1,4,WH001,Southeast,2026-09-07 23:57:00,2026-09-10 23:57:00,,In Transit,144.56,2026-09-08 01:57:00
282,27,2,WH004,Southwest,2026-09-11 00:48:00,2026-09-16 00:48:00,2026-09-15 13:48:00,Delivered,241.07,2026-09-11 19:48:00
283,53,3,WH004,Northeast,2026-09-09 02:02:00,2026-09-12 02:02:00,,Cancelled,153.58,2026-09-11 19:02:00
284,76,1,WH004,Southeast,2026-09-05 20:52:00,2026-09-10 20:52:00,,Created,74.46,2026-09-07 06:52:00
285,35,2,WH001,Southeast,2026-09-11 12:44:00,2026-09-15 12:44:00,2026-09-16 21:44:00,Delivered,51.31,2026-09-12 02:44:00
286,41,4,WH001,West,2026-09-05 03:10:00,2026-09-10 03:10:00,,Delayed,102.41,2026-09-06 06:10:00
287,12,2,WH003,West,2026-09-15 09:29:00,2026-09-19 09:29:00,,Created,29.28,2026-09-17 03:29:00
288,66,1,WH003,Midwest,2026-09-05 02:45:00,2026-09-08 02:45:00,2026-09-09 04:45:00,Delivered,208.62,2026-09-06 01:45:00
289,96,2,WH001,Southwest,2026-09-01 12:54:00,2026-09-06 12:54:00,,Cancelled,43.44,2026-09-02 06:54:00
290,26,4,WH003,Northeast,2026-09-04 00:03:00,2026-09-07 00:03:00,,In Transit,153.93,2026-09-05 10:03:00
291,17,1,WH003,Northeast,2026-09-03 00:04:00,2026-09-06 00:04:00,,Delayed,29.82,2026-09-05 12:04:00
292,64,1,WH004,Southwest,2026-09-02 05:59:00,2026-09-07 05:59:00,,Delayed,59.75,2026-09-03 09:59:00
293,5,2,WH003,Southwest,2026-09-06 08:17:00,2026-09-11 08:17:00,,In Transit,114.76,2026-09-09 07:17:00
294,18,4,WH002,West,2026-09-16 01:05:00,2026-09-20 01:05:00,,Delayed,77.3,2026-09-18 23:05:00
295,70,4,WH003,West,2026-09-01 12:50:00,2026-09-05 12:50:00,,Delayed,135.55,2026-09-03 14:50:00
296,29,1,WH003,Northeast,2026-09-09 05:01:00,2026-09-13 05:01:00,,Cancelled,205.99,2026-09-11 18:01:00
297,13,2,WH002,Midwest,2026-09-17 11:49:00,2026-09-20 11:49:00,,In Transit,142.75,2026-09-17 19:49:00
298,23,2,WH003,Midwest,2026-09-08 18:54:00,2026-09-13 18:54:00,2026-09-13 16:54:00,Delivered,230.22,2026-09-08 22:54:00
299,25,4,WH003,Southeast,2026-09-12 18:36:00,2026-09-15 18:36:00,,Cancelled,132.8,2026-09-13 06:36:00
300,68,4,WH001,Midwest,2026-09-02 07:38:00,2026-09-05 07:38:00,,Created,231.12,2026-09-03 09:38:00
301,3,2,WH002,Northeast,2026-09-05 10:45:00,2026-09-08 10:45:00,2026-09-07 17:45:00,Delivered,214.69,2026-09-07 09:45:00
302,13,3,WH003,Midwest,2026-09-03 11:45:00,2026-09-08 11:45:00,,Cancelled,51.38,2026-09-04 08:45:00
303,91,3,WH002,West,2026-09-14 20:31:00,2026-09-18 20:31:00,,In Transit,207.32,2026-09-16 21:31:00
304,23,1,WH004,West,2026-09-10 23:44:00,2026-09-14 23:44:00,,In Transit,27.45,2026-09-12 16:44:00
305,19,3,WH001,Southeast,2026-09-20 07:40:00,2026-09-22 07:40:00,,Delayed,99.77,2026-09-22 00:40:00
306,2,3,WH002,Southeast,2026-09-06 20:56:00,2026-09-08 20:56:00,2026-09-10 05:56:00,Delivered,179.43,2026-09-08 17:56:00
307,50,4,WH004,Southeast,2026-09-09 03:46:00,2026-09-11 03:46:00,,Created,223.45,2026-09-11 19:46:00
308,62,2,WH002,Southwest,2026-09-13 11:34:00,2026-09-18 11:34:00,,Created,36.95,2026-09-13 16:34:00
309,10,3,WH002,Southwest,2026-09-10 00:20:00,2026-09-14 00:20:00,,Created,57.01,2026-09-10 10:20:00
310,56,2,WH004,Southeast,2026-09-18 02:21:00,2026-09-23 02:21:00,,Created,32.32,2026-09-19 21:21:00
311,31,1,WH001,Southwest,2026-09-07 06:26:00,2026-09-11 06:26:00,2026-09-11 20:26:00,Delivered,151.51,2026-09-09 21:26:00
312,12,3,WH004,Southeast,2026-09-05 01:23:00,2026-09-07 01:23:00,,Delayed,42.31,2026-09-06 04:23:00
313,15,3,WH004,Southwest,2026-09-06 20:18:00,2026-09-08 20:18:00,,Delayed,132.49,2026-09-08 06:18:00
314,48,4,WH003,Southeast,2026-09-03 20:34:00,2026-09-08 20:34:00,,In Transit,122.53,2026-09-05 06:34:00
315,8,2,WH001,Northeast,2026-09-15 14:16:00,2026-09-18 14:16:00,2026-09-20 14:16:00,Delivered,173.67,2026-09-18 12:16:00
316,67,4,WH004,West,2026-09-14 18:14:00,2026-09-16 18:14:00,,Delayed,222.78,2026-09-17 07:14:00
317,74,2,WH001,Southwest,2026-09-10 02:25:00,2026-09-12 02:25:00,,Cancelled,59.76,2026-09-11 00:25:00
318,11,4,WH002,Southeast,2026-09-07 06:08:00,2026-09-09 06:08:00,,Delayed,211.84,2026-09-08 16:08:00
319,50,4,WH003,Midwest,2026-09-11 23:58:00,2026-09-13 23:58:00,,Created,139.53,2026-09-12 01:58:00
320,54,2,WH002,West,2026-09-20 18:33:00,2026-09-25 18:33:00,,Created,155.22,2026-09-21 07:33:00
321,45,4,WH003,Southwest,2026-09-04 18:49:00,2026-09-06 18:49:00,2026-09-08 14:49:00,Delivered,170.6,2026-09-07 07:49:00
322,80,4,WH001,Southwest,2026-09-02 05:17:00,2026-09-07 05:17:00,,In Transit,224.6,2026-09-04 00:17:00
323,3,3,WH003,Midwest,2026-09-08 01:47:00,2026-09-13 01:47:00,2026-09-14 00:47:00,Delivered,84.48,2026-09-10 16:47:00
324,100,3,WH003,Southwest,2026-09-04 07:08:00,2026-09-08 07:08:00,,Delayed,159.15,2026-09-04 19:08:00
325,98,3,WH001,West,2026-09-07 14:13:00,2026-09-12 14:13:00,,Delayed,202.04,2026-09-07 23:13:00
326,100,1,WH002,Southeast,2026-09-10 22:32:00,2026-09-15 22:32:00,,In Transit,221.29,2026-09-12 00:32:00
327,47,2,WH003,Midwest,2026-09-02 07:02:00,2026-09-07 07:02:00,,Created,209.41,2026-09-05 00:02:00
328,31,3,WH004,West,2026-09-13 20:59:00,2026-09-15 20:59:00,,Created,122.6,2026-09-16 09:59:00
329,34,1,WH003,Northeast,2026-09-19 17:22:00,2026-09-23 17:22:00,,In Transit,108.91,2026-09-20 14:22:00
330,87,2,WH003,Southwest,2026-09-19 06:54:00,2026-09-22 06:54:00,,In Transit,138.05,2026-09-19 08:54:00
331,2,2,WH003,West,2026-09-16 04:41:00,2026-09-19 04:41:00,,Cancelled,205.17,2026-09-17 20:41:00
332,33,2,WH004,Midwest,2026-09-21 08:27:00,2026-09-26 08:27:00,2026-09-27 18:27:00,Delivered,175.76,2026-09-23 11:27:00
333,83,3,WH003,Northeast,2026-09-19 03:00:00,2026-09-23 03:00:00,,Cancelled,130.8,2026-09-20 23:00:00
334,25,2,WH002,Northeast,2026-09-09 20:20:00,2026-09-13 20:20:00,2026-09-14 10:20:00,Delivered,205.25,2026-09-12 00:20:00
335,38,3,WH004,Southwest,2026-09-11 21:08:00,2026-09-13 21:08:00,,Delayed,109.3,2026-09-12 02:08:00
336,88,4,WH003,West,2026-09-19 22:36:00,2026-09-22 22:36:00,2026-09-23 02:36:00,Delivered,89.04,2026-09-20 20:36:00
337,17,3,WH002,Midwest,2026-09-18 05:18:00,2026-09-20 05:18:00,,Delayed,170.52,2026-09-19 10:18:00
338,43,3,WH003,West,2026-09-12 07:47:00,2026-09-16 07:47:00,,Delayed,87.63,2026-09-12 23:47:00
339,25,1,WH004,West,2026-09-16 01:55:00,2026-09-18 01:55:00,,Delayed,88.62,2026-09-16 08:55:00
340,73,4,WH002,Midwest,2026-09-05 04:12:00,2026-09-09 04:12:00,,Delayed,218.35,2026-09-06 04:12:00
341,1,4,WH003,Southeast,2026-09-03 15:21:00,2026-09-06 15:21:00,2026-09-05 22:21:00,Delivered,195.07,2026-09-04 13:21:00
342,79,4,WH004,Southwest,2026-09-19 05:31:00,2026-09-21 05:31:00,,In Transit,118.68,2026-09-21 19:31:00
343,42,2,WH001,Northeast,2026-09-13 00:02:00,2026-09-16 00:02:00,2026-09-15 01:02:00,Delivered,164.14,2026-09-14 08:02:00
344,14,4,WH003,Southeast,2026-09-08 22:56:00,2026-09-12 22:56:00,2026-09-12 14:56:00,Delivered,35.02,2026-09-09 04:56:00
345,88,2,WH003,Southwest,2026-09-10 09:29:00,2026-09-14 09:29:00,,Delayed,102.63,2026-09-11 10:29:00
346,94,2,WH002,Northeast,2026-09-06 12:01:00,2026-09-09 12:01:00,,In Transit,155.63,2026-09-07 10:01:00
347,82,3,WH001,West,2026-09-04 11:45:00,2026-09-06 11:45:00,,Delayed,248.78,2026-09-05 01:45:00
348,57,4,WH001,West,2026-09-21 00:03:00,2026-09-23 00:03:00,,Delayed,78.13,2026-09-21 20:03:00
349,85,1,WH003,West,2026-09-07 22:43:00,2026-09-09 22:43:00,2026-09-11 03:43:00,Delivered,159.3,2026-09-08 16:43:00
350,14,4,WH002,West,2026-09-14 03:32:00,2026-09-16 03:32:00,2026-09-15 17:32:00,Delivered,65.94,2026-09-15 13:32:00
351,6,4,WH002,Southwest,2026-09-17 06:22:00,2026-09-22 06:22:00,2026-09-22 02:22:00,Delivered,96.04,2026-09-17 07:22:00
352,86,4,WH002,Northeast,2026-09-01 21:05:00,2026-09-03 21:05:00,,Cancelled,199.29,2026-09-02 07:05:00
353,38,3,WH004,Northeast,2026-09-04 08:41:00,2026-09-07 08:41:00,,Delayed,42.96,2026-09-05 07:41:00
354,95,1,WH001,Northeast,2026-09-02 09:23:00,2026-09-06 09:23:00,,Delayed,22.22,2026-09-03 03:23:00
355,80,3,WH001,Midwest,2026-09-21 05:21:00,2026-09-25 05:21:00,,Delayed,207.44,2026-09-22 05:21:00
356,89,4,WH004,Southeast,2026-09-04 12:25:00,2026-09-09 12:25:00,2026-09-10 13:25:00,Delivered,46.0,2026-09-04 20:25:00
357,87,4,WH002,West,2026-09-06 03:26:00,2026-09-11 03:26:00,,Cancelled,107.34,2026-09-08 01:26:00
358,63,1,WH004,Southwest,2026-09-20 00:55:00,2026-09-23 00:55:00,,Delayed,30.57,2026-09-21 10:55:00
359,67,1,WH004,Southeast,2026-09-21 10:00:00,2026-09-24 10:00:00,2026-09-26 04:00:00,Delivered,130.84,2026-09-23 12:00:00
360,83,2,WH004,Southwest,2026-09-05 17:57:00,2026-09-07 17:57:00,,Created,219.97,2026-09-06 03:57:00
361,65,2,WH004,Southwest,2026-09-16 10:15:00,2026-09-20 10:15:00,2026-09-19 16:15:00,Delivered,207.93,2026-09-16 21:15:00
362,64,4,WH003,Northeast,2026-09-15 14:51:00,2026-09-20 14:51:00,,Created,245.55,2026-09-15 17:51:00
363,71,1,WH001,West,2026-09-04 12:26:00,2026-09-06 12:26:00,,Cancelled,241.53,2026-09-06 03:26:00
364,7,2,WH004,Midwest,2026-09-17 17:13:00,2026-09-22 17:13:00,2026-09-23 15:13:00,Delivered,148.83,2026-09-20 06:13:00
365,98,2,WH001,Midwest,2026-09-12 22:28:00,2026-09-14 22:28:00,,Created,101.68,2026-09-14 12:28:00
366,22,4,WH002,Southwest,2026-09-18 16:23:00,2026-09-20 16:23:00,,Created,44.6,2026-09-19 18:23:00
367,59,2,WH003,Northeast,2026-09-07 03:59:00,2026-09-12 03:59:00,,In Transit,194.14,2026-09-07 09:59:00
368,59,2,WH004,Northeast,2026-09-21 21:37:00,2026-09-23 21:37:00,,Delayed,141.98,2026-09-22 04:37:00
369,100,2,WH002,Southeast,2026-09-18 13:53:00,2026-09-23 13:53:00,,Cancelled,43.82,2026-09-20 07:53:00
370,44,3,WH004,Southeast,2026-09-17 12:26:00,2026-09-20 12:26:00,2026-09-21 14:26:00,Delivered,51.78,2026-09-20 06:26:00
371,81,2,WH002,Southeast,2026-09-10 22:35:00,2026-09-14 22:35:00,,Cancelled,163.56,2026-09-12 12:35:00
372,70,3,WH001,Midwest,2026-09-12 21:08:00,2026-09-15 21:08:00,,Cancelled,149.32,2026-09-15 03:08:00
373,67,1,WH001,Southwest,2026-09-18 09:56:00,2026-09-23 09:56:00,,Created,53.43,2026-09-18 17:56:00
374,19,1,WH003,Southeast,2026-09-07 08:48:00,2026-09-10 08:48:00,2026-09-10 16:48:00,Delivered,193.33,2026-09-07 13:48:00
375,50,2,WH003,Northeast,2026-09-12 14:06:00,2026-09-15 14:06:00,,Cancelled,233.09,2026-09-14 16:06:00
376,96,3,WH002,West,2026-09-14 21:20:00,2026-09-16 21:20:00,,Created,219.84,2026-09-17 06:20:00
377,70,2,WH002,Midwest,2026-09-08 20:45:00,2026-09-12 20:45:00,,Cancelled,123.23,2026-09-09 06:45:00
378,6,4,WH003,West,2026-09-06 05:47:00,2026-09-08 05:47:00,,Delayed,80.78,2026-09-07 02:47:00
379,91,2,WH001,Southeast,2026-09-19 08:00:00,2026-09-23 08:00:00,,Delayed,233.58,2026-09-19 15:00:00
380,74,3,WH001,Midwest,2026-09-21 19:53:00,2026-09-25 19:53:00,,Delayed,140.84,2026-09-22 19:53:00
381,70,4,WH001,Midwest,2026-09-17 02:50:00,2026-09-20 02:50:00,,Delayed,70.88,2026-09-18 06:50:00
382,97,4,WH001,Northeast,2026-09-11 10:23:00,2026-09-15 10:23:00,,In Transit,173.86,2026-09-13 20:23:00
383,88,3,WH004,Northeast,2026-09-08 20:39:00,2026-09-11 20:39:00,,Created,108.75,2026-09-11 18:39:00
384,66,4,WH004,Northeast,2026-09-10 00:58:00,2026-09-14 00:58:00,,Cancelled,88.18,2026-09-11 01:58:00
385,99,1,WH001,Southeast,2026-09-11 16:05:00,2026-09-13 16:05:00,,In Transit,174.18,2026-09-12 20:05:00
386,96,2,WH001,Southwest,2026-09-14 03:13:00,2026-09-19 03:13:00,,Created,184.88,2026-09-14 08:13:00
387,10,2,WH003,Southwest,2026-09-03 02:03:00,2026-09-06 02:03:00,2026-09-08 01:03:00,Delivered,109.25,2026-09-05 06:03:00
388,69,1,WH001,West,2026-09-14 10:01:00,2026-09-19 10:01:00,,Created,30.47,2026-09-14 20:01:00
389,37,4,WH004,Southwest,2026-09-12 16:06:00,2026-09-16 16:06:00,2026-09-16 03:06:00,Delivered,209.09,2026-09-12 20:06:00
390,96,4,WH003,Southeast,2026-09-16 05:34:00,2026-09-19 05:34:00,,In Transit,88.55,2026-09-18 05:34:00
391,6,1,WH004,West,2026-09-01 17:55:00,2026-09-04 17:55:00,,Created,145.93,2026-09-02 04:55:00
392,53,2,WH002,Southeast,2026-09-10 06:47:00,2026-09-14 06:47:00,,In Transit,70.78,2026-09-11 15:47:00
393,60,1,WH003,Northeast,2026-09-07 03:11:00,2026-09-09 03:11:00,,Cancelled,77.66,2026-09-08 05:11:00
394,86,2,WH001,Midwest,2026-09-19 15:21:00,2026-09-23 15:21:00,,In Transit,162.49,2026-09-20 16:21:00
395,85,3,WH002,West,2026-09-11 15:28:00,2026-09-15 15:28:00,,Cancelled,150.38,2026-09-13 08:28:00
396,29,4,WH003,Midwest,2026-09-14 05:00:00,2026-09-18 05:00:00,,In Transit,50.89,2026-09-16 00:00:00
397,71,1,WH002,West,2026-09-16 14:28:00,2026-09-20 14:28:00,2026-09-22 04:28:00,Delivered,38.85,2026-09-18 02:28:00
398,94,1,WH001,West,2026-09-05 17:12:00,2026-09-09 17:12:00,,Created,165.27,2026-09-07 21:12:00
399,34,4,WH002,Midwest,2026-09-19 06:58:00,2026-09-21 06:58:00,,Cancelled,110.27,2026-09-20 20:58:00
400,47,1,WH002,West,2026-09-05 14:32:00,2026-09-07 14:32:00,,Delayed,177.36,2026-09-08 08:32:00
401,73,2,WH004,Midwest,2026-09-05 14:10:00,2026-09-08 14:10:00,,Cancelled,29.3,2026-09-08 05:10:00
402,6,2,WH003,Southwest,2026-09-08 02:16:00,2026-09-12 02:16:00,,In Transit,128.03,2026-09-10 13:16:00
403,91,3,WH003,West,2026-09-02 01:41:00,2026-09-06 01:41:00,,Created,145.2,2026-09-03 00:41:00
404,84,1,WH003,Southwest,2026-09-13 20:24:00,2026-09-17 20:24:00,,Cancelled,243.72,2026-09-15 01:24:00
405,62,1,WH002,Southwest,2026-09-17 12:22:00,2026-09-21 12:22:00,,Delayed,58.09,2026-09-17 22:22:00
406,24,2,WH003,West,2026-09-17 20:17:00,2026-09-20 20:17:00,,In Transit,184.98,2026-09-18 12:17:00
407,62,4,WH004,Southeast,2026-09-08 13:51:00,2026-09-12 13:51:00,,Created,155.88,2026-09-10 18:51:00
408,76,2,WH002,West,2026-09-01 07:02:00,2026-09-04 07:02:00,,Cancelled,29.01,2026-09-02 02:02:00
409,52,1,WH003,Northeast,2026-09-02 05:16:00,2026-09-05 05:16:00,,Cancelled,69.82,2026-09-04 18:16:00
410,19,2,WH003,Southeast,2026-09-16 05:14:00,2026-09-21 05:14:00,,Cancelled,186.56,2026-09-18 01:14:00
411,49,4,WH002,Northeast,2026-09-15 19:37:00,2026-09-17 19:37:00,,In Transit,23.81,2026-09-18 14:37:00
412,13,2,WH004,West,2026-09-17 21:26:00,2026-09-20 21:26:00,,Cancelled,157.96,2026-09-20 18:26:00
413,78,1,WH004,West,2026-09-17 03:05:00,2026-09-22 03:05:00,,In Transit,116.76,2026-09-17 09:05:00
414,45,1,WH004,Southeast,2026-09-17 13:14:00,2026-09-22 13:14:00,,Delayed,78.54,2026-09-18 19:14:00
415,1,1,WH001,West,2026-09-03 09:38:00,2026-09-08 09:38:00,2026-09-08 09:38:00,Delivered,21.65,2026-09-04 12:38:00
416,55,3,WH003,West,2026-09-11 13:23:00,2026-09-13 13:23:00,,In Transit,117.42,2026-09-13 12:23:00
417,53,4,WH002,Midwest,2026-09-20 08:43:00,2026-09-25 08:43:00,,In Transit,148.59,2026-09-22 22:43:00
418,95,2,WH001,Southeast,2026-09-09 09:36:00,2026-09-13 09:36:00,,Delayed,122.72,2026-09-10 06:36:00
419,79,1,WH002,Southwest,2026-09-04 06:32:00,2026-09-09 06:32:00,2026-09-11 04:32:00,Delivered,241.85,2026-09-04 07:32:00
420,9,3,WH002,Midwest,2026-09-03 04:30:00,2026-09-08 04:30:00,,Created,38.41,2026-09-03 09:30:00
421,8,2,WH004,Southwest,2026-09-13 12:39:00,2026-09-17 12:39:00,,Cancelled,22.46,2026-09-16 07:39:00
422,22,1,WH003,Southeast,2026-09-10 06:02:00,2026-09-13 06:02:00,,Cancelled,170.65,2026-09-11 03:02:00
423,52,2,WH001,Northeast,2026-09-03 08:49:00,2026-09-08 08:49:00,2026-09-09 10:49:00,Delivered,231.41,2026-09-06 07:49:00
424,29,2,WH004,Southwest,2026-09-10 23:53:00,2026-09-14 23:53:00,2026-09-15 10:53:00,Delivered,152.23,2026-09-12 09:53:00
425,10,3,WH003,Northeast,2026-09-06 13:32:00,2026-09-08 13:32:00,,Cancelled,204.68,2026-09-07 22:32:00
426,73,4,WH002,Midwest,2026-09-18 18:16:00,2026-09-23 18:16:00,,Delayed,241.08,2026-09-21 05:16:00
427,15,3,WH001,Southwest,2026-09-15 18:55:00,2026-09-17 18:55:00,,Delayed,165.74,2026-09-16 23:55:00
428,69,1,WH003,Southeast,2026-09-08 10:26:00,2026-09-12 10:26:00,,Cancelled,86.08,2026-09-10 14:26:00
429,41,3,WH002,West,2026-09-11 02:35:00,2026-09-14 02:35:00,,Delayed,81.89,2026-09-12 03:35:00
430,34,2,WH002,Southeast,2026-09-16 23:12:00,2026-09-19 23:12:00,,In Transit,212.04,2026-09-18 21:12:00
431,79,1,WH001,Southwest,2026-09-05 03:07:00,2026-09-07 03:07:00,,Delayed,105.38,2026-09-06 20:07:00
432,24,3,WH004,Southeast,2026-09-16 18:55:00,2026-09-20 18:55:00,,Delayed,192.54,2026-09-17 11:55:00
433,70,1,WH003,Southwest,2026-09-02 16:51:00,2026-09-07 16:51:00,,Delayed,217.89,2026-09-03 15:51:00
434,2,2,WH004,West,2026-09-15 03:44:00,2026-09-20 03:44:00,2026-09-19 04:44:00,Delivered,43.17,2026-09-17 02:44:00
435,35,4,WH003,Midwest,2026-09-20 08:11:00,2026-09-24 08:11:00,,In Transit,62.3,2026-09-22 15:11:00
436,36,4,WH002,West,2026-09-07 13:44:00,2026-09-11 13:44:00,2026-09-12 16:44:00,Delivered,50.16,2026-09-08 19:44:00
437,56,4,WH002,Southeast,2026-09-04 23:17:00,2026-09-07 23:17:00,,Cancelled,204.01,2026-09-05 19:17:00
438,18,3,WH004,Midwest,2026-09-16 00:11:00,2026-09-21 00:11:00,,Delayed,77.72,2026-09-16 07:11:00
439,28,3,WH004,Northeast,2026-09-13 03:44:00,2026-09-16 03:44:00,,Created,123.47,2026-09-14 22:44:00
440,53,1,WH003,West,2026-09-09 11:23:00,2026-09-13 11:23:00,2026-09-12 13:23:00,Delivered,65.76,2026-09-12 08:23:00
441,63,4,WH001,Southwest,2026-09-06 09:22:00,2026-09-10 09:22:00,,Cancelled,161.14,2026-09-08 21:22:00
442,81,4,WH001,Northeast,2026-09-21 04:55:00,2026-09-24 04:55:00,2026-09-25 09:55:00,Delivered,57.26,2026-09-22 10:55:00
443,35,4,WH003,West,2026-09-11 10:41:00,2026-09-15 10:41:00,2026-09-16 12:41:00,Delivered,139.82,2026-09-13 20:41:00
444,94,2,WH003,Northeast,2026-09-14 05:11:00,2026-09-16 05:11:00,,In Transit,68.43,2026-09-16 08:11:00
445,7,1,WH004,West,2026-09-04 03:04:00,2026-09-09 03:04:00,,Cancelled,195.95,2026-09-04 14:04:00
446,84,4,WH003,Southeast,2026-09-04 08:39:00,2026-09-07 08:39:00,,Created,76.9,2026-09-05 21:39:00
447,22,1,WH001,Midwest,2026-09-15 20:08:00,2026-09-18 20:08:00,,Cancelled,217.88,2026-09-17 14:08:00
448,57,2,WH002,West,2026-09-16 14:55:00,2026-09-20 14:55:00,,Cancelled,157.44,2026-09-18 22:55:00
449,70,2,WH001,Southwest,2026-09-17 20:40:00,2026-09-21 20:40:00,2026-09-23 09:40:00,Delivered,90.81,2026-09-20 01:40:00
450,67,2,WH003,Midwest,2026-09-09 04:19:00,2026-09-11 04:19:00,,Created,127.92,2026-09-09 06:19:00
451,38,2,WH001,West,2026-09-16 15:19:00,2026-09-18 15:19:00,,Delayed,105.94,2026-09-18 20:19:00
452,92,4,WH004,Southeast,2026-09-18 13:25:00,2026-09-21 13:25:00,,In Transit,80.49,2026-09-20 20:25:00
453,35,4,WH002,Northeast,2026-09-21 07:33:00,2026-09-25 07:33:00,2026-09-27 03:33:00,Delivered,61.95,2026-09-22 21:33:00
454,25,3,WH001,Southeast,2026-09-04 20:29:00,2026-09-09 20:29:00,2026-09-11 10:29:00,Delivered,31.42,2026-09-07 17:29:00
455,92,4,WH001,Southeast,2026-09-01 05:06:00,2026-09-05 05:06:00,2026-09-04 21:06:00,Delivered,40.75,2026-09-01 07:06:00
456,48,4,WH001,Midwest,2026-09-16 06:21:00,2026-09-21 06:21:00,2026-09-22 21:21:00,Delivered,38.45,2026-09-17 01:21:00
457,70,4,WH002,Southeast,2026-09-02 08:49:00,2026-09-07 08:49:00,,Created,226.01,2026-09-03 17:49:00
458,99,4,WH002,Northeast,2026-09-13 00:07:00,2026-09-16 00:07:00,,Delayed,65.81,2026-09-13 13:07:00
459,88,3,WH003,Southeast,2026-09-17 21:13:00,2026-09-22 21:13:00,,Delayed,164.71,2026-09-18 03:13:00
460,82,3,WH002,Midwest,2026-09-18 16:07:00,2026-09-22 16:07:00,,Delayed,224.13,2026-09-19 20:07:00
461,22,3,WH001,Southwest,2026-09-04 07:40:00,2026-09-09 07:40:00,2026-09-08 08:40:00,Delivered,201.5,2026-09-04 09:40:00
462,20,3,WH001,Southeast,2026-09-02 18:50:00,2026-09-07 18:50:00,,Cancelled,56.27,2026-09-03 06:50:00
463,46,2,WH001,Southeast,2026-09-20 10:59:00,2026-09-22 10:59:00,,Created,132.2,2026-09-22 03:59:00
464,94,2,WH001,Southwest,2026-09-18 20:48:00,2026-09-22 20:48:00,,Delayed,102.38,2026-09-19 14:48:00
465,38,4,WH002,West,2026-09-09 01:31:00,2026-09-14 01:31:00,,Cancelled,62.92,2026-09-10 22:31:00
466,71,2,WH001,West,2026-09-11 23:29:00,2026-09-15 23:29:00,,Cancelled,55.66,2026-09-13 13:29:00
467,100,4,WH002,Northeast,2026-09-09 17:23:00,2026-09-14 17:23:00,,Created,162.54,2026-09-11 16:23:00
468,50,2,WH004,West,2026-09-20 07:20:00,2026-09-22 07:20:00,,Cancelled,55.45,2026-09-21 20:20:00
469,13,1,WH001,Southeast,2026-09-11 13:41:00,2026-09-15 13:41:00,,Created,61.09,2026-09-11 18:41:00
470,5,4,WH004,West,2026-09-07 03:31:00,2026-09-10 03:31:00,,Created,163.51,2026-09-08 12:31:00
471,27,4,WH001,Southwest,2026-09-02 11:14:00,2026-09-04 11:14:00,,Created,204.23,2026-09-02 19:14:00
472,79,3,WH001,Northeast,2026-09-12 17:47:00,2026-09-17 17:47:00,2026-09-17 00:47:00,Delivered,211.92,2026-09-13 03:47:00
473,69,4,WH002,Southeast,2026-09-07 16:06:00,2026-09-09 16:06:00,,In Transit,141.02,2026-09-09 00:06:00
474,99,3,WH004,Southwest,2026-09-19 20:11:00,2026-09-24 20:11:00,,Created,223.05,2026-09-20 18:11:00
475,69,4,WH003,Midwest,2026-09-06 17:25:00,2026-09-10 17:25:00,,In Transit,146.52,2026-09-08 11:25:00
476,73,2,WH004,West,2026-09-12 13:48:00,2026-09-17 13:48:00,2026-09-17 19:48:00,Delivered,233.01,2026-09-13 22:48:00
477,93,1,WH003,West,2026-09-12 14:28:00,2026-09-17 14:28:00,,Created,23.75,2026-09-13 08:28:00
478,41,1,WH003,West,2026-09-10 00:19:00,2026-09-13 00:19:00,,In Transit,137.59,2026-09-10 20:19:00
479,18,3,WH003,West,2026-09-04 01:29:00,2026-09-08 01:29:00,,In Transit,77.47,2026-09-05 10:29:00
480,28,1,WH003,Southwest,2026-09-10 02:36:00,2026-09-15 02:36:00,,Cancelled,59.77,2026-09-10 15:36:00
481,49,1,WH001,Midwest,2026-09-20 20:19:00,2026-09-22 20:19:00,,Cancelled,100.02,2026-09-23 04:19:00
482,2,4,WH001,Midwest,2026-09-14 03:55:00,2026-09-17 03:55:00,,Cancelled,140.61,2026-09-15 20:55:00
483,90,2,WH002,Northeast,2026-09-18 18:09:00,2026-09-22 18:09:00,,Cancelled,174.94,2026-09-20 21:09:00
484,56,3,WH004,Southeast,2026-09-15 19:36:00,2026-09-17 19:36:00,,In Transit,50.4,2026-09-16 06:36:00
485,52,3,WH001,Southwest,2026-09-16 18:47:00,2026-09-18 18:47:00,,Cancelled,135.42,2026-09-17 11:47:00
486,51,2,WH002,Southeast,2026-09-05 15:35:00,2026-09-08 15:35:00,,Delayed,36.48,2026-09-07 23:35:00
487,86,4,WH004,Midwest,2026-09-11 21:59:00,2026-09-13 21:59:00,,Created,100.11,2026-09-13 15:59:00
488,45,4,WH002,Southwest,2026-09-12 19:41:00,2026-09-14 19:41:00,2026-09-14 16:41:00,Delivered,30.32,2026-09-14 01:41:00
489,15,1,WH002,West,2026-09-07 21:23:00,2026-09-10 21:23:00,,Created,233.15,2026-09-09 10:23:00
490,61,1,WH003,Southeast,2026-09-01 10:44:00,2026-09-03 10:44:00,2026-09-04 19:44:00,Delivered,190.2,2026-09-02 14:44:00
491,62,2,WH001,Southwest,2026-09-07 17:33:00,2026-09-11 17:33:00,,Cancelled,154.09,2026-09-10 13:33:00
492,90,3,WH001,Southwest,2026-09-02 08:10:00,2026-09-04 08:10:00,2026-09-04 09:10:00,Delivered,170.59,2026-09-02 10:10:00
493,3,3,WH004,Southeast,2026-09-03 12:42:00,2026-09-07 12:42:00,2026-09-07 01:42:00,Delivered,245.35,2026-09-06 06:42:00
494,26,4,WH001,Northeast,2026-09-04 10:31:00,2026-09-06 10:31:00,,In Transit,76.9,2026-09-07 06:31:00
495,3,3,WH003,Midwest,2026-09-10 10:31:00,2026-09-15 10:31:00,,In Transit,163.8,2026-09-11 17:31:00
496,4,3,WH002,Southeast,2026-09-17 08:51:00,2026-09-19 08:51:00,2026-09-20 09:51:00,Delivered,98.61,2026-09-19 11:51:00
497,87,2,WH004,Southeast,2026-09-05 02:46:00,2026-09-10 02:46:00,,Cancelled,151.77,2026-09-07 09:46:00
498,17,2,WH002,West,2026-09-10 19:21:00,2026-09-15 19:21:00,,Cancelled,144.51,2026-09-11 21:21:00
499,99,2,WH002,Midwest,2026-09-05 09:44:00,2026-09-08 09:44:00,,Delayed,35.6,2026-09-08 06:44:00
500,98,3,WH004,Southwest,2026-09-04 05:20:00,2026-09-07 05:20:00,,Created,89.77,2026-09-05 17:20:00
